Local authority,Library name,Postcode
Barking and Dagenham,Barking Learning Centre Community Hub,IG11 7NB
Barking and Dagenham,Marks Gate Community Hub,RM6 5NJ
Barking and Dagenham,Robert Jeyes Community Library,RM6 6AS
Barking and Dagenham,Thames Community Hub,IG11 0LG
Barking and Dagenham,Valence Library,RM8 3HT
Barking and Dagenham,Dagenham Library Community Hub,RM10 9QS
Barnet,Chipping Barnet,EN5 4QT
Barnet,Burnt Oak,HA8 0UB
Barnet,Edgware,HA8 8NN
Barnet,South Friern,N10 1HD
Barnet,Osidge,N11 1EY
Barnet,North Finchley,N12 9HP
Barnet,East Finchley,N2 9BB
Barnet,Golders Green,NW11 8HE
Barnet,Childs Hill,NW2 2QE
Barnet,Hendon,NW4 4BQ
Barnet,Mill Hill,NW7 2HX
Barnet,Colindale,NW9 5XL
Barnet,New Barnet Leisure Centre & Library,EN4 9BS
Barnet,Finchley Church End,N3 2LN
Barnsley,Penistone,S36 6BR
Barnsley,Thurnscoe,S63 0JS
Barnsley,Goldthorpe,S63 9NE
Barnsley,Worsbrough,S70 5EN
Barnsley,Roundhouse,S71 3AE
Barnsley,Royston,S71 4EP
Barnsley,Priory,S71 5PN
Barnsley,Grimethorpe,S72 7BB
Barnsley,Cudworth,S72 8UQ
Barnsley,Wombwell,S73 0BA
Barnsley,Darfield,S73 9LG
Barnsley,Hoyland,S74 9AF
Barnsley,Dodworth,S75 3RF
Barnsley,Mapplewell,S75 6AL
Barnsley,Library @ The Lightbox,S70 1GW
Bath and North East Somerset,Love Weston Library,BA1 4BU
Bath and North East Somerset,Bath Central,BA1 5AN
Bath and North East Somerset,Moorland Road Community Library,BA2 3PL
Bath and North East Somerset,Midsomer Norton Library & Information Centre,BA3 2DP
Bath and North East Somerset,Radstock Community Hub,BA3 3PR
Bath and North East Somerset,Keynsham Library & Information Centre,BS31 1FS
Bath and North East Somerset,Saltford Community Library & Post Office,BS31 3DJ
Bath and North East Somerset,Paulton Library @ The Hub,BS39 7QG
Bedford,Bedford Central Library,MK40 1PG
Bedford,Bromham Library,MK43 8NT
Bedford,Kempston Library,MK42 8AU
Bedford,Putnoe Library,MK41 8HQ
Bedford,Wootton Library,MK43 9LH
Bexley,Crayford Library,DA1 4FN
Bexley,Central Library,DA6 7HJ
Bexley,Erith Library,DA8 1SL
Bexley,Sidcup Library,DA14 6DS
Bexley,Thamesmead Library,SE2 9TR
Bexley,Welling Library,DA16 3PA
Birmingham,Small Heath Library,B10 9RX
Birmingham,Sparkhill Library,B11 4EA
Birmingham,Balsall Heath Library,B12 9BX
Birmingham,Yardley Wood Library,B14 4DU
Birmingham,Druids Heath Library,B14 5NJ
Birmingham,Kings Heath Library,B14 7SW
Birmingham,Harborne Library,B17 9QG
Birmingham,Spring Hill Library,B18 7BH
Birmingham,Handsworth Library,B21 9DP
Birmingham,Erdington Library,B24 9HP
Birmingham,South Yardley Library,B25 8LT
Birmingham,Sheldon Library,B26 2RJ
Birmingham,Acocks Green Library,B27 7XH
Birmingham,Hall Green Library,B28 9AD
Birmingham,Weoley Castle Library,B29 5HR
Birmingham,Stirchley Library,B30 2JT
Birmingham,Kings Norton Library,B30 3EU
Birmingham,Northfield Library,B31 2LB
Birmingham,Quinton Library,B32 2TW
Birmingham,Bartley Green Library,B32 3QG
Birmingham,Glebe Farm Library,B33 9NA
Birmingham,Shard End Library,B34 7AG
Birmingham,Castle Vale Library,B35 7PR
Birmingham,Tower Hill Library,B42 1LG
Birmingham,Perry Common Library,B44 0HH
Birmingham,Kingstanding Library,B44 9ST
Birmingham,Frankley Library,B45 0EU
Birmingham,Birchfield Library,B6 6AH
Birmingham,Aston Library,B6 6ED
Birmingham,Bloomsbury Library,B7 4NX
Birmingham,Sutton Coldfield Library,B72 1XX
Birmingham,Boldmere Library,B73 5TU
Birmingham,Mere Green Library,B75 5BT
Birmingham,Walmley Library,B76 1NP
Birmingham,Ward End Library,B8 2HF
Birmingham,Selly Oak Library,B29 6NA
Birmingham,Library of Birmingham,B1 2ND
Blackburn with Darwen,Blackburn Library,BB2 1AG
Blackburn with Darwen,Roman Road Library ,BB2 3UY
Blackburn with Darwen,Mill Hill Library ,BB2 4DT
Blackburn with Darwen,Cherry Tree Library,BB2 5NX
Blackburn with Darwen,Darwen Library,BB3 3BU
Blackpool,Blackpool Central,FY1 1PX
Blackpool,Revoe,FY1 5HN
Blackpool,Layton,FY3 7BD
Blackpool,Library @ the Grange,FY3 7RW
Blackpool,Palatine,FY4 2AP
Blackpool,Langdale Library and Laundry Room,FY4 4TR
Blackpool,Anchorsholme,FY5 3RS
Blackpool,Moor Park,FY2 0JG
Bolton,Blackrod Library,BL6 5EQ
Bolton,Bolton Central Library,BL1 1DF
Bolton,Breightmet Library,BL2 6NT
Bolton,Bromley Cross Library,BL7 9JU
Bolton,Farnworth Library,BL4 7PG
Bolton,Harwood Library,BL2 3HN
Bolton,High Street Library,BL3 6SZ
Bolton,Horwich Library,BL6 7AJ
Bolton,Little Lever Library,BL3 1HH
Bolton,Westhoughton Library,BL5 3AT
"Bournemouth, Christchurch and Poole",Ensbury Park,BH10 4DZ
"Bournemouth, Christchurch and Poole",West Howe Library,BH11 8DU
"Bournemouth, Christchurch and Poole",Kinson Hub,BH11 9AW
"Bournemouth, Christchurch and Poole",Rossmore Library,BH12 4HR
"Bournemouth, Christchurch and Poole",Canford Cliffs Library,BH13 7BN
"Bournemouth, Christchurch and Poole",Parkstone Library,BH14 8AZ
"Bournemouth, Christchurch and Poole",Branksome Library,BH14 9BY
"Bournemouth, Christchurch and Poole",Poole Library,BH15 1QE
"Bournemouth, Christchurch and Poole",Oakdale Library,BH15 3EF
"Bournemouth, Christchurch and Poole",Hamworthy Library,BH15 4BG
"Bournemouth, Christchurch and Poole",Creekmoor Library,BH17 7XZ
"Bournemouth, Christchurch and Poole",Canford Heath Library,BH17 8UE
"Bournemouth, Christchurch and Poole",Broadstone Library,BH18 8EQ
"Bournemouth, Christchurch and Poole",Christchurch,BH23 1AW
"Bournemouth, Christchurch and Poole",Highcliffe,BH23 5HN
"Bournemouth, Christchurch and Poole",Westbourne Library,BH4 8DX
"Bournemouth, Christchurch and Poole",Boscombe Library,BH5 1BY
"Bournemouth, Christchurch and Poole",Pokesdown & Southbourne Library,BH5 2HY
"Bournemouth, Christchurch and Poole",Tuckton Library,BH6 4LF
"Bournemouth, Christchurch and Poole",Springbourne Library,BH8 8BX
"Bournemouth, Christchurch and Poole",Charminster Library,BH8 9HT
"Bournemouth, Christchurch and Poole",Castlepoint Library,BH8 9UP
"Bournemouth, Christchurch and Poole",Winton Library,BH9 2EN
Bracknell Forest,Sandhurst,GU47 9BL
Bracknell Forest,Bracknell Central,RG12 1BH
Bracknell Forest,Birch Hill,RG12 7WW
Bracknell Forest,Great Hollands,RG12 8UX
Bracknell Forest,Harmans Water,RG12 9HY
Bracknell Forest,Whitegrove,RG42 3JP
Bracknell Forest,Binfield,RG42 4JZ
Bracknell Forest,Crowthorne,RG45 7AT
Bracknell Forest,Ascot Heath,SL5 8LA
Bradford,City Library,BD1 1SD
Bradford,Wyke Library,BD12 8AL
Bradford,Clayton Library,BD14 6AY
Bradford,Bingley Library,BD16 1AW
Bradford,Baildon Library, BD17 6JX
Bradford,Shipley Library,BD18 3QH
Bradford,Eccleshill Library,BD2 4SR
Bradford,Keighley Library,BD21 3SX
Bradford,Laisterdyke Library,BD3 8RP
Bradford,Wibsey Library,BD6 1TR
Bradford,Manningham Library,BD8 8BB
Bradford,Ilkley Library,LS29 8HA
Brent,Ealing Road,HA0 4BA
Brent,Willesden Green,NW10 2SF
Brent,Harlesden,NW10 8SE
Brent,Kilburn,NW6 6NN
Brent,Kingsbury,NW9 9HE
Brent,Wembley,HA9 0FJ
Brighton and Hove,Mile Oak Library,BN41 2WS
Brighton and Hove,Whitehawk Library,BN2 5FL
Brighton and Hove,Woodingdean Library,BN2 6BA
Brighton and Hove,Coldean Library,BN1 9ED
Brighton and Hove,Hangleton Library,BN3 8LD
Brighton and Hove,Hollingbury Library,BN1 8GN
Brighton and Hove,Hove Library,BN3 2EG
Brighton and Hove,Jubilee Library,BN1 1GE
Brighton and Hove,Moulsecoomb Library,BN2 4PA
Brighton and Hove,Patcham Library,BN1 8TA
Brighton and Hove,Portslade Library,BN41 1XR
Brighton and Hove,Rottingdean Library,BN2 7HA
Brighton and Hove,Saltdean Library,BN2 8SP
Brighton and Hove,Westdene Library,BN1 5GN
"Bristol, City of",Bristol Central,BS1 5TL
"Bristol, City of",Southmead,BS10 6BQ
"Bristol, City of",Henbury,BS10 7DR
"Bristol, City of",Avonmouth,BS11 9EN
"Bristol, City of",Shirehampton,BS11 9TU
"Bristol, City of",Hartcliffe,BS13 0BE
"Bristol, City of",Bishopsworth,BS13 7LN
"Bristol, City of",Whitchurch,BS14 0SX
"Bristol, City of",Stockwood,BS14 8PL
"Bristol, City of",Fishponds,BS16 3HL
"Bristol, City of",Hillfields,BS16 4HL
"Bristol, City of",St. Pauls,BS2 8XJ
"Bristol, City of",Bedminster,BS3 4AQ
"Bristol, City of",Marksbury Road,BS3 5LG
"Bristol, City of",Filwood,BS4 1JN
"Bristol, City of",Knowle,BS4 2QU
"Bristol, City of",Wick Road,BS4 4HE
"Bristol, City of",St. George,BS5 8AL
"Bristol, City of",Horfield,BS7 0BD
"Bristol, City of",Redland,BS8 2PY
"Bristol, City of",Clifton,BS8 4BX
"Bristol, City of",Sea Mills,BS9 2NA
"Bristol, City of",Westbury,BS9 3JZ
"Bristol, City of",Henleaze,BS9 4HP
"Bristol, City of",Junction 3,BS5 0JF
"Bristol, City of",Bishopston,BS7 8BN
"Bristol, City of",Lockleaze Library,BS7 9XB
Bromley,Penge Library,SE20 7JX
Bromley,Beckenham Library,BR3 4PE
Bromley,Biggin Hill Memorial Library & Pool,TN16 3LB
Bromley,Bromley Central Library,BR1 1EX
Bromley,Burnt Ash Library,BR1 5AF
Bromley,Chislehurst Library,BR7 6DA
Bromley,Hayes Library,BR2 7LH
Bromley,Mottingham Library,SE9 4QZ
Bromley,Orpington Library,BR6 0TW
Bromley,Petts Wood Library,BR5 1BP
Bromley,Shortlands Library,BR2 0JP
Bromley,Southborough Library,BR2 8AP
Bromley,St Pauls Cray Library,BR5 2RW
Bromley,West Wickham Library,BR4 0SH
Buckinghamshire,Flackwell Heath Community Library,HP10 9AA
Buckinghamshire,High Wycombe Library,HP11 2DH
Buckinghamshire,Castlefield Community Library,HP12 3LL
Buckinghamshire,Micklefield Community Library,HP13 7HU
Buckinghamshire,Stokenchurch Community Library,HP14 3RG
Buckinghamshire,Hazlemere Library,HP15 7PY
Buckinghamshire,Great Missenden Community Library,HP16 0AL
Buckinghamshire,Haddenham Community Library,HP17 8EE
Buckinghamshire,Long Crendon Community Library,HP18 9AF
Buckinghamshire,Aylesbury Library,HP20 1UU
Buckinghamshire,Wendover Community Library,HP22 6DU
Buckinghamshire,Princes Risborough Library,HP27 0AA
Buckinghamshire,Chesham Library,HP5 2JD
Buckinghamshire,Amersham Library,HP6 5AH
Buckinghamshire,Beaconsfield Library,HP9 2NJ
Buckinghamshire,Wing Community Library,LU7 0NN
Buckinghamshire,Beacon Villages Community Library,LU7 9EP
Buckinghamshire,Buckingham Library,MK18 1JP
Buckinghamshire,Winslow Community Library,MK18 3DL
Buckinghamshire,Iver Heath Community Library,SL0 0DA
Buckinghamshire,Burnham Community Library,SL1 7HR
Buckinghamshire,Farnham Common Community Library,SL2 3NL
Buckinghamshire,Marlow Library,SL7 1BL
Buckinghamshire,Bourne End Community Library,SL8 5SX
Buckinghamshire,Gerrards Cross Community Library,SL9 8EL
Buckinghamshire,Chalfont St Peter Community Library,SL9 9QA
Buckinghamshire,West Wycombe Community Library,HP14 3AE
Buckinghamshire,Little Chalfont Community Library,HP7 9QA
Buckinghamshire,Chalfont St Giles Community Library,HP8 4QA
Bury,Ramsbottom Library & Adult Learning Centre,BL0 9AE
Bury,Bury Library,BL9 0DG
Bury,Bury Archives,BL9 0DR
Bury,Prestwich Library & Adult Learning Centre,M25 1AY
Bury,Radcliffe Library,M26 1NW
Calderdale,Brighouse,HD6 2AF
Calderdale,Rastrick,HD6 3NE
Calderdale,King Cross,HX1 3BG
Calderdale,Mixenden,HX2 8SH
Calderdale,Beechwood Road,HX2 9BU
Calderdale,Akroyd,HX3 6HG
Calderdale,Northowram,HX3 7EJ
Calderdale,Elland,HX5 0DF
Calderdale,Sowerby Bridge,HX6 2QG
Calderdale,Hebden Bridge,HX7 8EP
Calderdale,Todmorden,OL14 7LB
Calderdale,Central Library & Archives Halifax,HX1 1QG
Cambridgeshire,Rock Road Library,CB1 7UG
Cambridgeshire,Cherry Hinton Library,CB1 9HZ
Cambridgeshire,Cambridge Central Library,CB2 3QD
Cambridgeshire,Linton Library,CB21 4LU
Cambridgeshire,Sawston Library,CB22 3BP
Cambridgeshire,Great Shelford Library,CB22 5LZ
Cambridgeshire,Papworth Library,CB23 3UY
Cambridgeshire,Cambourne Library,CB23 6HL
Cambridgeshire,Comberton Library,CB23 7DU
Cambridgeshire,Bar Hill Library,CB23 8DY
Cambridgeshire,Willingham Library,CB24 5HS
Cambridgeshire,Cottenham Library,CB24 8QY
Cambridgeshire,Histon Library,CB24 9JE
Cambridgeshire,Burwell Library,CB25 0DU
Cambridgeshire,Milton Road Library,CB4 2BD
Cambridgeshire,Arbury Court Library,CB4 2JQ
Cambridgeshire,Barnwell Road Library,CB5 8RG
Cambridgeshire,Littleport Library,CB6 1LU
Cambridgeshire,Ely Library,CB7 4ZH
Cambridgeshire,Soham Library,CB7 5HJ
Cambridgeshire,Wisbech Library,PE13 1EU
Cambridgeshire,March Library,PE15 9LT
Cambridgeshire,Chatteris Library,PE16 6DY
Cambridgeshire,St Neots Library,PE19 2BH
Cambridgeshire,Buckden Library,PE19 5UY
Cambridgeshire,Ramsey Library,PE26 1HG
Cambridgeshire,St Ives Library,PE27 5BW
Cambridgeshire,Warboys Library,PE28 2TA
Cambridgeshire,Sawtry Library,PE28 5UX
Cambridgeshire,Huntingdon Library,PE29 3PA
Cambridgeshire,Whittlesey Library,PE7 1BA
Cambridgeshire,Yaxley Library,PE7 3JL
Cambridgeshire,Clay Farm Library,CB2 9FN
Camden,Pancras Square Library,N1C 4AG
Camden,Camden Town Library,NW1 1BD
Camden,Highgate Library,N19 5DH
Camden,Holborn Library,WC1X 8PA
Camden,Kentish Town Library,NW5 2AA
Camden,Kilburn Library Centre,NW6 5UH
Camden,Queens Crescent Library,NW5 4HH
Camden,Swiss Cottage Library,NW3 3HA
Camden,West Hampstead Library,NW6 1AU
Central Bedfordshire,Ampthill Library,MK45 2NL
Central Bedfordshire,Arlesey Library Access Point,SG15 6SN
Central Bedfordshire,Barton Library,MK45 4PP
Central Bedfordshire,Biggleswade Library,SG18 0LL
Central Bedfordshire,Dunstable Library,LU5 4JD
Central Bedfordshire,Flitwick Library,MK45 1QJ
Central Bedfordshire,Houghton Regis Library,LU5 5ES
Central Bedfordshire,Leighton Buzzard Library,LU7 1RX
Central Bedfordshire,Potton Library,SG19 2NP
Central Bedfordshire,Sandy Library,SG19 1EH
Central Bedfordshire,Shefford Library,SG17 5DD
Central Bedfordshire,Stotfold Library,SG5 4HP
Central Bedfordshire,Toddington Library,LU5 6BP
Cheshire East,Crewe Library,CW1 2BB
Cheshire East,Middlewich Library,CW10 9AS
Cheshire East,Sandbach Library,CW11 1FJ
Cheshire East,Congleton Library,CW12 1ET
Cheshire East,Holmes Chapel Library,CW4 7AP
Cheshire East,Nantwich Library,CW5 5LY
Cheshire East,Macclesfield Library,SK10 1EE
Cheshire East,Prestbury Library,SK10 4AL
Cheshire East,Bollington Library,SK10 5JX
Cheshire East,Poynton Library,SK12 1RB
Cheshire East,Disley Library,SK12 2BB
Cheshire East,Wilmslow Library,SK9 1NW
Cheshire East,Handforth Library,SK9 3ES
Cheshire East,Alderley Edge Library,SK9 7GP
Cheshire East,Alsager Library,ST7 2QH
Cheshire East,Knutsford Library,WA16 0PG
Cheshire West and Chester,Blacon Library,CH1 5QY
Cheshire West and Chester,Upton Library,CH2 1HB
Cheshire West and Chester,Hoole Library,CH2 3AU
Cheshire West and Chester,Great Boughton Library,CH3 5LB
Cheshire West and Chester,Tarvin Library,CH3 8LY
Cheshire West and Chester,Tattenhall Library,CH3 9AH
Cheshire West and Chester,Lache Library,CH4 8HR
Cheshire West and Chester,Neston Library,CH64 6QE
Cheshire West and Chester,Ellesmere Port Library,CH65 0BG
Cheshire West and Chester,Little Sutton Library,CH66 1QQ
Cheshire West and Chester,Hope Farm Library,CH66 2LE
Cheshire West and Chester,Tarporley Library,CW6 0BJ
Cheshire West and Chester,Winsford Library,CW7 2AS
Cheshire West and Chester,Wharton Library,CW7 3HP
Cheshire West and Chester,Sandiway Library,CW8 2NS
Cheshire West and Chester,Weaverham Library,CW8 3HY
Cheshire West and Chester,Barnton Library,CW8 4LJ
Cheshire West and Chester,Northwich Library,CW9 5DR
Cheshire West and Chester,Malpas Library,SY14 8JD
Cheshire West and Chester,Helsby Library,WA6 0BW
Cheshire West and Chester,Frodsham Library,WA6 6RX
Cheshire West and Chester,Chester Library at Storyhouse,CH1 2AR
City of London,Artizan Street Library & Community Centre,E1 7AF
City of London,Barbican Library,EC2Y 8DS
City of London,Shoe Lane Library,EC4A 3JR
Cornwall,Bodmin Library & Information Service,PL31 2FR
Cornwall,Bude Library & Information Service,EX23 9LG
Cornwall,Callington Library & Information Service,PL17 7BX
Cornwall,Camborne Library,TR14 8HA
Cornwall,Camelford Library & Information Service,PL32 9PD
Cornwall,Falmouth Library,TR11 3QA
Cornwall,Hayle Library& Information Service,TR27 4DE
Cornwall,Helston Library & Information Service,TR13 8AG
Cornwall,Launceston Library & Information Service,PL15 9AB
Cornwall,Liskeard Library,PL14 6AB
Cornwall,Looe Library & Information Service,PL13 2AF
Cornwall,Lostwithiel Library,PL22 0BL
Cornwall,Newquay Library & Information Service,TR7 1BD
Cornwall,Par Community Library,PL24 2PB
Cornwall,Penryn Library,TR10 8JN
Cornwall,Penzance Library & Information Service,TR18 2QW
Cornwall,Perranporth Library,TR6 0BW
Cornwall,Redruth Library & Information Service,TR15 2QE
Cornwall,Saltash Library & Information Service,PL12 6DX
Cornwall,St. Agnes Library,TR5 0TP
Cornwall,St. Austell Library,PL25 4LD
Cornwall,St. Columb Library,TR9 6AN
Cornwall,St. Ives Library & Information Service,TR26 2LX
Cornwall,St. Just Library,TR19 7HX
Cornwall,Torpoint Library & Information Service,PL11 2AG
Cornwall,Truro Community Library,TR1 1EP
Cornwall,Wadebridge Library & Information Service,PL27 7BX
County Durham,Durham Clayport Library,DH1 1WA
County Durham,Belmont Library,DH1 2AA
County Durham,Newton Hall Library,DH1 5NL
County Durham,Pelton Library,DH2 1HS
County Durham,Chester-le-Street Library,DH3 3BP
County Durham,Thornley Library,DH6 3EL
County Durham,Bowburn Library,DH6 5AT
County Durham,Lanchester Library,DH7 0NT
County Durham,Sacriston Library,DH7 6HU
County Durham,Brandon Library,DH7 8NN
County Durham,Esh Winning Library,DH7 9AD
County Durham,Langley Park Library,DH7 9XE
County Durham,Consett Library,DH8 5AT
County Durham,Stanley Library,DH9 0TE
County Durham,South Moor Library,DH9 7PX
County Durham,Annfield Plain Library,DH9 8EZ
County Durham,Barnard Castle Library,DL12 8JB
County Durham,Wolsingham Library,DL13 3AB
County Durham,Woodhouse Close Library,DL14 6JX
County Durham,Bishop Auckland Library,DL14 7NP
County Durham,Coundon Library,DL14 8NL
County Durham,Willington Library,DL15 0PG
County Durham,Crook Library & Customer Access Point (CAP),DL15 9ES
County Durham,Spennymoor Library,DL16 6DJ
County Durham,Chilton Library,DL17 0EX
County Durham,Ferryhill Library,DL17 8HX
County Durham,Cornforth Library,DL17 9HP
County Durham,Shildon Library,DL4 1DU
County Durham,Newton Aycliffe Library,DL5 4EH
County Durham,Shotton Library,DL6 2LW
County Durham,Seaham Library,SR7 7JE
County Durham,Murton Library,SR7 9QR
County Durham,Peterlee Library,SR8 1AF
County Durham,Easington Colliery Library,SR8 3PN
County Durham,Horden Library,SR8 4PF
County Durham,Sedgefield Library,TS21 3AT
County Durham,Blackhall Library,TS27 4HD
County Durham,Wingate Library,TS28 5AA
County Durham,Trimdon Library,TS29 6PY
Coventry,Coventry Central Library,CV1 1FY
Coventry,Hillifields,CV1 5NP
Coventry,Bell Green,CV2 1LS
Coventry,Stoke,CV2 4EA
Coventry,Caludon,CV2 5BD
Coventry,Aldermoor,CV3 1DP
Coventry,Willenhall,CV3 3DP
Coventry,Canley,CV4 8FT
Coventry,Tile Hill,CV4 9PL
Coventry,Allesley Park,CV5 9JE
Coventry,Coundon,CV6 1HT
Coventry,Jubilee Crescent,CV6 3EX
Coventry,Foleshill,CV6 5BG
Coventry,Holbrooks,CV6 4DE
Croydon,New Addington,CR0 0JD
Croydon,Broad Green,CR0 3HH
Croydon,Shirley,CR0 8BH
Croydon,Sanderstead,CR2 0HL
Croydon,Selsdon,CR2 8LA
Croydon,Bradmore Green,CR5 1PE
Croydon,Coulsdon,CR5 2NH
Croydon,Thornton Heath,CR7 7JB
Croydon,Purley,CR8 3YH
Croydon,Croydon Central,CR9 1ET
Croydon,Ashburton,CR9 7AL
Croydon,South Norwood,SE25 5AA
Croydon,Norbury,SW16 4UW
Cumbria,Egremont Library,CA22 2DQ
Cumbria,Harraby Library Link,CA1 3PP
Cumbria,Kirkby Stephen ,CA17 4QX
Cumbria,Silloth Library,CA7 4DD
Cumbria,Alston Library,CA9 3RF
Cumbria,Ambleside Library,LA22 0BZ
Cumbria,Appleby Library,CA16 6QP
Cumbria,Arnside Library Link,LA5 0DF
Cumbria,Askam Library,LA16 7AQ
Cumbria,Aspatria Library,CA7 3EZ
Cumbria,Barrow Library,LA14 1LL
Cumbria,Brampton Library,CA8 1NW
Cumbria,Carlisle Library,CA3 8NX
Cumbria,Carlisle West Library Link,CA2 7LE
Cumbria,Cleator Moor Library,CA25 5AP
Cumbria,Coniston Library Link,LA21 8DU
Cumbria,Dent Library Link,LA10 5QL
Cumbria,Denton Holme Library Link,CA2 5HQ
Cumbria,Frizington Library,CA26 3PF
Cumbria,Grange over Sands Library,LA11 6BQ
Cumbria,Kendal Library,LA9 4PY
Cumbria,Keswick Library,CA12 5HD
Cumbria,Kirkby Lonsdale Library,LA6 2AL
Cumbria,Lazonby Co-op Library Link,CA10 1BG
Cumbria,Longtown ,CA6 5UG
Cumbria,Maryport Library,CA15 6ND
Cumbria,Millom Library,LA18 5AB
Cumbria,Milnthorpe Library,LA7 7QJ
Cumbria,Morton Library Link,CA2 6JP
Cumbria,Penrith Library,CA11 7YA
Cumbria,Roose Library,LA13 9RJ
Cumbria,Seaton Library,CA14 1JD
Cumbria,Sedbergh Library,LA10 5BN
Cumbria,Shap Library,CA10 3NL
Cumbria,Ulverston Library,LA12 0BT
Cumbria,Walney Library,LA14 3HY
Cumbria,Whitehaven Library,CA28 7QZ
Cumbria,Wigton Library,CA7 9NJ
Cumbria,Windermere Library,LA23 2AJ
Cumbria,Workington Library,CA14 2ND
Darlington,Darlington Library,DL1 1ND
Darlington,Cockerton Library,DL3 9NN
Derby,Alvaston,DE24 8QP
Derby,Mickleover,DE3 0GA
Derby,Riverside Library,DE1 2FS
Derby,Normanton,DE23 6LX
Derbyshire,Alfreton,DE55 7BQ
Derbyshire,Ashbourne,DE6 1DA
Derbyshire,Bakewell,DE45 1ES
Derbyshire,Belper,DE56 1UQ
Derbyshire,Bolsover,S44 6HB
Derbyshire,Borrowash,DE72 3HE
Derbyshire,Brimington,S43 1JG
Derbyshire,Buxton,SK17 9HW
Derbyshire,Chapel en le Frith,SK23 0HP
Derbyshire,Chesterfield,S40 1QN
Derbyshire,Clay Cross,S45 9PH
Derbyshire,Clowne,S43 4PL
Derbyshire,Creswell,S80 4EY
Derbyshire,Dronfield,S18 1PY
Derbyshire,Duffield,DE56 4GH
Derbyshire,Eckington,S21 4JG
Derbyshire,Etwall,DE65 6NB
Derbyshire,Gamesley,SK13 6HW
Derbyshire,Glossop,SK13 7DG
Derbyshire,Hadfield,SK13 1AA
Derbyshire,Hayfield,SK22 2HS
Derbyshire,Heanor,DE75 7DX
Derbyshire,Holmewood,S42 5RB
Derbyshire,Ilkeston,DE7 5RN
Derbyshire,Killamarsh,S21 1EL
Derbyshire,Long Eaton,NG10 1JG
Derbyshire,Matlock,DE4 3DP
Derbyshire,Melbourne,DE73 8GF
Derbyshire,New Mills,SK22 4AR
Derbyshire,Newbold,S41 8DU
Derbyshire,Old Whittington,S41 9JZ
Derbyshire,Pinxton,NG16 6NA
Derbyshire,Ripley,DE5 3JE
Derbyshire,Sandiacre,NG10 5FJ
Derbyshire,Shirebrook,NG20 8AL
Derbyshire,Somercotes,DE55 4JE
Derbyshire,South Normanton,DE55 2AA
Derbyshire,Staveley,S43 3TP
Derbyshire,Swadlincote,DE11 0AD
Derbyshire,Tideswell,SK17 8NE
Derbyshire,Whaley Bridge,SK23 7AA
Derbyshire,Whitwell,S80 4NN
Derbyshire,Wingerworth,S42 6TB
Derbyshire,Wirksworth,DE4 4EU
Derbyshire,Woodville,DE11 7JB
Devon,Ashburton,TQ13 7DD
Devon,Cullompton,EX15 1DJ
Devon,St Thomas,EX2 9AZ
Devon,Totnes,TQ9 5RP
Devon,Appledore,EX39 1QS
Devon,Axminster,EX13 5AD
Devon,Bampton,EX16 9NG
Devon,Barnstaple,EX31 1EL
Devon,Bideford,EX39 2HR
Devon,Bovey Tracey,TQ13 9AW
Devon,Braunton,EX33 2ES
Devon,Buckfastleigh,TQ11 0DD
Devon,Budleigh Salterton,EX9 6RH
Devon,Chagford,TQ13 8DP
Devon,Chudleigh,TQ13 0HL
Devon,Chulmleigh,EX18 7AA
Devon,Clyst Vale,EX5 3AJ
Devon,Colyton,EX24 6NQ
Devon,Combe Martin,EX34 0EQ
Devon,Crediton,EX17 2AA
Devon,Dartmouth,TQ6 9ND
Devon,Dawlish,EX7 9PY
Devon,Exeter,EX4 3PQ
Devon,Exmouth,EX8 1PS
Devon,Holsworthy,EX22 6HA
Devon,Honiton,EX14 1BS
Devon,Ilfracombe,EX34 9DS
Devon,Ivybridge,PL21 0SZ
Devon,Kingsbridge,TQ7 1EB
Devon,Kingskerswell,TQ12 5EH
Devon,Kingsteignton,TQ12 3AL
Devon,Lynton,EX35 6AF
Devon,Moretonhampstead,TQ13 8LL
Devon,Newton Abbot,TQ12 2RJ
Devon,Northam,EX39 1AW
Devon,Okehampton,EX20 1AR
Devon,Ottery St Mary,EX11 1DB
Devon,Pinhoe,EX4 8HW
Devon,Princetown,PL20 6QE
Devon,Salcombe,TQ8 8JQ
Devon,Seaton,EX12 2NY
Devon,Sidmouth,EX10 8LA
Devon,South Molton,EX36 3BU
Devon,Stoke Fleming,TQ6 0QT
Devon,Tavistock,PL19 8AB
Devon,Teignmouth,TQ14 8DY
Devon,Tiverton,EX16 6SA
Devon,Topsham,EX3 0DX
Devon,Torrington,EX38 8AA
Devon,Uffculme,EX15 3AY
Doncaster,Armthorpe Community Library,DN3 3AL
Doncaster,Askern Community Library,DN6 0JA
Doncaster,Balby Community Library,DN4 0PL
Doncaster,Bawtry Community Library,DN10 6NE
Doncaster,Bentley Area Community Library,DN5 0DE
Doncaster,Bessacarr Community Library,DN4 7EZ
Doncaster,Cantley Community Library,DN4 6BT
Doncaster,Conisbrough Community Library,DN12 3ND
Doncaster,Denaby Community Library & Hub,DN12 4AB
Doncaster,Doncaster Central Library,DN1 3BZ
Doncaster,Edenthorpe Community Library,DN3 2ND
Doncaster,Edlington Library,DN12 1JD
Doncaster,Hatfield Community Library,DN7 6RY
Doncaster,Intake Community Library,DN2 6PL
Doncaster,Mexborough Library,S64 9HS
Doncaster,Moorends Community Library,DN8 4SB
Doncaster,Rossington Community Library,DN11 0LP
Doncaster,Scawthorpe Community Library,DN5 9PQ
Doncaster,Sprotbrough Community Library,DN5 8BA
Doncaster,Stainforth4ALL Community Library,DN7 5PW
Doncaster,Thorne Library,DN8 4BQ
Doncaster,Tickhill Community Library,DN11 9QU
Doncaster,Warmsworth Community Library,DN4 9LW
Doncaster,Wheatley Community Library,DN2 4JS
Doncaster,Woodlands Community Library & Hub,DN6 7SB
Dorset,Upton,BH16 5PW
Dorset,Lytchett Matravers,BH16 6BG
Dorset,Swanage,BH19 2NU
Dorset,Wareham,BH20 4LR
Dorset,Wimborne,BH21 1HH
Dorset,Corfe Mullen Library & Children's Centre,BH21 3LE
Dorset,West Moors,BH22 0JD
Dorset,Ferndown,BH22 9TH
Dorset,Verwood,BH31 6DS
Dorset,Sturminster Newton,DT10 1EH
Dorset,Blandford,DT11 7DW
Dorset,Crossways,DT2 8TU
Dorset,Littlemoor,DT3 6SF
Dorset,Weymouth Library & Learning Centre,DT4 8NN
Dorset,Wyke Regis,DT4 9BE
Dorset,Portland,DT5 1HG
Dorset,Bridport,DT6 3NY
Dorset,Lyme Regis,DT7 3HR
Dorset,Beaminster,DT8 3EF
Dorset,Sherborne,DT9 3AA
Dorset,Shaftesbury,SP7 8AE
Dorset,Gillingham,SP8 4UA
Dorset,Dorchester Library & Learning Centre,DT1 1EE
Dudley,Brierley Hill,DY5 3ET
Dudley,Coseley,WV14 9DW
Dudley,Cradley,B63 2TL
Dudley,Dudley,DY1 1HR
Dudley,Dudley Wood Library Link,DY2 0DB
Dudley,Gornal,DY3 2PG
Dudley,Halesowen,B63 4AZ
Dudley,Kingswinford,DY6 9LG
Dudley,Long Lane,B62 9JY
Dudley,Lye,DY9 8BT
Dudley,Netherton,DY2 9ES
Dudley,Quarry Bank Library Link,DY5 1EA
Dudley,Sedgley,DY3 3UA
Dudley,Stourbridge,DY8 1YE
Dudley,Wordsley,DY8 5PD
Ealing,Jubilee Gardens Library,UB1 2TJ
Ealing,St. Bernard's Hospital Library,UB1 3EU
Ealing,Southall Library (Dominion Centre & Library),UB2 4BQ
Ealing,Northolt Leisure Centre Library,UB5 4AB
Ealing,Northolt Library,UB5 5AS
Ealing,Perivale Library,UB6 7NT
Ealing,Greenford Library,UB6 9LG
Ealing,West Ealing Library,W13 9BT
Ealing,Acton Town Hall Library,W3 6NE
Ealing,Pitshanger Library,W5 1RH
Ealing,Northfields Library,W5 4UA
Ealing,Ealing Central Library,W5 5JY
Ealing,Hanwell Library,W7 3HL
East Riding Of Yorkshire,Beverley Library,HU17 8HE
East Riding Of Yorkshire,Bridlington Central Library,YO15 2DF
East Riding Of Yorkshire,Brough Library & Customer Service Centre,HU15 1DF
East Riding Of Yorkshire,Cottingham Library & Customer Service Centre,HU16 5QG
East Riding Of Yorkshire,Driffield Library & Customer Service Centre,YO25 6RQ
East Riding Of Yorkshire,Flamborough Library,YO15 1NG
East Riding Of Yorkshire,Goole Library,DN14 5DS
East Riding Of Yorkshire,Hedon Library & Customer Service Centre,HU12 8EX
East Riding Of Yorkshire,Hessle Library & Customer Service Centre,HU13 0RB
East Riding Of Yorkshire,Hornsea Library & Customer Service Centre,HU18 1PZ
East Riding Of Yorkshire,Howden Library & Customer Service Centr,DN14 7SX
East Riding Of Yorkshire,Leven Library,HU17 5NG
East Riding Of Yorkshire,Market Weighton Library & Customer Service Centre,YO43 3JP
East Riding Of Yorkshire,North Bridlington Library,YO16 6YD
East Riding Of Yorkshire,North Ferriby Library,HU14 3DA
East Riding Of Yorkshire,Pocklington Library & Customer Service Centre,YO42 2QU
East Riding Of Yorkshire,Snaith Library,DN14 9HE
East Riding Of Yorkshire,South Cave Library,HU15 2EP
East Riding Of Yorkshire,Stamford Bridge Library,YO41 1BP
East Riding Of Yorkshire,Swanland Library,HU14 3QR
East Riding Of Yorkshire,Willerby Library,HU10 6BZ
East Riding Of Yorkshire,Withernsea Library & Customer Service Centre,HU19 2HH
East Riding Of Yorkshire,Haltemprice Library & Customer Service Centre,HU10 6QJ
East Sussex,Battle Library,TN33 0XB
East Sussex,Bexhill Library,TN40 1DY
East Sussex,Crowborough Library,TN6 1DH
East Sussex,Eastbourne Library,BN21 4TL
East Sussex,Forest Row Library,RH18 5DZ
East Sussex,Hailsham Library,BN27 3DN
East Sussex,Hampden Park Library,BN22 9NQ
East Sussex,Hastings Library,TN34 1HE
East Sussex,Heathfield Library,TN21 8LU
East Sussex,Hollington Library,TN37 7AG
East Sussex,Lewes Library,BN7 2LZ
East Sussex,Newhaven Library,BN9 9PD
East Sussex,Peacehaven Library,BN10 8BB
East Sussex,Rye Library,TN31 7JL
East Sussex,Seaford Library,BN25 1QX
East Sussex,Uckfield Library,TN22 1AR
East Sussex,Wadhurst Library,TN5 6AP
Enfield,Bowes Road,N11 1BD
Enfield,Bullsmoor,EN1 4QS
Enfield,Edmonton Green,N9 0TN
Enfield,Enfield Highway,EN3 5JH
Enfield,Enfield Island Village,EN3 6GS
Enfield,Enfield Town,EN2 6AX
Enfield,Fore Street,N18 2XF
Enfield,John Jackson,EN1 1DW
Enfield,Oakwood,N14 4XA
Enfield,Ordnance Unity Centre,EN3 6ND
Enfield,Palmers Green,N13 4EY
Enfield,Ponders End,EN3 4EZ
Enfield,Ridge Avenue,N21 2RH
Enfield,Southgate,N14 6BP
Enfield,Winchmore Hill,N21 3AP
Essex,Springfield Library,CM1 6GX
Essex,Basildon Library,SS14 1EE
Essex,Billericay Library,CM12 9AB
Essex,Braintree Library,CM7 3YL
Essex,Brentwood Library,CM14 4BP
Essex,Brightlingsea Library,CO7 0BZ
Essex,Broomfield Library,CM1 7AH
Essex,Buckhurst Hill Library,IG9 5AZ
Essex,Burnham-on-Crouch Library,CM0 8HQ
Essex,Canvey Island Library,SS8 7RB
Essex,Chelmsford Library,CM1 1LH
Essex,Chigwell Library,IG7 6QX
Essex,Chipping Ongar Library,CM5 9AB
Essex,Clacton Library,CO15 1SF
Essex,Coggeshall Library,CO6 1UH
Essex,Colchester Library,CO1 1JB
Essex,Danbury Library,CM3 4NQ
Essex,Debden Library,IG10 3SA
Essex,Dunmow Library,CM6 1FS
Essex,Earls Colne Library,CO6 2PA
Essex,Epping Library,CM16 5DN
Essex,Frinton Library,CO13 9DA
Essex,Fryerns library,SS14 2NN
Essex,Galleywood Library,CM2 8PU
Essex,Great Baddow Library,CM2 7HH
Essex,Great Parndon Library,CM18 7PP
Essex,Great Tarpots library,SS7 5UH
Essex,Great Wakering Library,SS3 0EQ
Essex,Greenstead Library,CO4 3QE
Essex,Hadleigh Library,SS7 2PD
Essex,Halstead Library,CO9 1HU
Essex,Harlow Library,CM20 1HA
Essex,Harwich Library,CO12 3JT
Essex,Hatfield Peverel Library,CM3 2DP
Essex,Hockley Library,SS5 4PZ
Essex,Holland Library,CO15 5UR
Essex,Hullbridge Library,SS5 6ET
Essex,Ingatestone Library,CM4 9EU
Essex,Kelvedon Library,CO5 9BA
Essex,Laindon Library,SS15 6AG
Essex,Loughton Library,IG10 1HD
Essex,Maldon Library,CM9 5FW
Essex,Manningtree Library,CO11 1AD
Essex,Mark Hall Library,CM20 3AP
Essex,North Melbourne Library,CM1 4UU
Essex,North Weald Library,CM16 6BZ
Essex,Old Harlow Library,CM17 0DW
Essex,Pitsea Library,SS13 3DU
Essex,Prettygate Library,CO3 4EQ
Essex,Rayleigh Library,SS6 7BX
Essex,Rochford Library,SS4 1PX
Essex,Saffron Walden Library,CB10 1ES
Essex,Shenfield Library,CM13 1BD
Essex,Sible Hedingham Library,CO9 3PX
Essex,Silver End Library,CM8 3RQ
Essex,South Benfleet Library,SS7 5HD
Essex,South Woodham Ferrers Library,CM3 5JU
Essex,Southminster Library,CM0 7AD
Essex,Stansted Library,CM24 8AQ
Essex,Stanway Library,CO3 0RH
Essex,Stock Library,CM4 9BQ
Essex,Thaxted Library,CM6 2LD
Essex,Tiptree Library,CO5 0SX
Essex,Tye Green Library,CM18 6LU
Essex,Vange Library,SS16 4ET
Essex,Waltham Abbey Library,EN9 1EL
Essex,West Clacton Library,CO16 8BE
Essex,West Mersea Library,CO5 8QA
Essex,Wickford Library,SS12 0RA
Essex,Wickham Bishops Library,CM8 3NU
Essex,Witham Library,CM8 2AQ
Essex,Wivenhoe Library,CO7 9AB
Essex,Writtle Library,CM1 3DT
Essex,Gibson Library,CB10 1ES
Essex,Library Support Unit,CM8 3UN
Essex,Chrishall Community Library,SG8 8RP
Essex,Finchingfield Community Library,CM7 4NN
Essex,Great Bromley Community Library,CO7 7TL
Essex,Lamarsh Community Library,CO8 5EU
Essex,Steeple Bumstead Community Library,CB9 7DQ
Gateshead,Birtley Library,DH3 1LE
Gateshead,Pelaw Library,NE10 0QS
Gateshead,Leam Lane Library,NE10 8QH
Gateshead,Blaydon Library,NE21 5BT
Gateshead,Crawcrook Library,NE40 4NB
Gateshead,Gateshead Central Library,NE8 4LN
Gateshead,Wrekenton Library,NE9 7JR
Gateshead,Chopwell Library,NE17 7HS
Gloucestershire,Gloucester,GL1 1HT
Gloucestershire,Stonehouse,GL10 2Ng
Gloucestershire,Dursley,GL11 4JH
Gloucestershire,Wotton-Under-Edge,GL12 7JJ
Gloucestershire,Cinderford,GL14 2BZ
Gloucestershire,Lydney,GL15 5HW
Gloucestershire,Coleford,GL16 8RH
Gloucestershire,Newent,GL18 1AN
Gloucestershire,Longlevens,GL2 0AJ
Gloucestershire,Quedgeley,GL2 4PE
Gloucestershire,Tewkesbury,GL20 5NX
Gloucestershire,Churchdown,GL3 2AF
Gloucestershire,Hucclecote,GL3 3RT
Gloucestershire,Tuffley,GL4 0RT
Gloucestershire,Matson,GL4 6NG
Gloucestershire,Stroud,GL5 1BB
Gloucestershire,Cheltenham Main Library,GL50 3JT
Gloucestershire,Cheltenham Children's library,GL50 3JY
Gloucestershire,Up Hatherley,GL51 3BW
Gloucestershire,Hesters Way,GL51 7RT
Gloucestershire,Prestbury,GL52 3DN
Gloucestershire,Bishops Cleeve,GL52 8NN
Gloucestershire,Charlton Kings,GL53 8AR
Gloucestershire,Stow on Wold,GL54 1AF
Gloucestershire,Bourton on Water,GL54 2AZ
Gloucestershire,Winchcombe,GL54 5PZ
Gloucestershire,Chipping Campden,GL55 6AT
Gloucestershire,Moreton in Marsh,GL56 0DR
Gloucestershire,Nailsworth,GL6 0DU
Gloucestershire,Cirencester Bingham,GL7 2PZ
Gloucestershire,Fairford,GL7 4AQ
Gloucestershire,Tetbury,GL8 8DU
Greenwich,West Greenwich Library,SE10 8NN
Greenwich,Plumstead Library,SE18 1JL
Greenwich,Slade Centre Library,SE18 2QQ
Greenwich,Woolwich Library,SE18 6HQ
Greenwich,Abbey Wood Library,SE2 9PT
Greenwich,Thamesmere Library,SE28 8DT
Greenwich,Blackheath Library,SE3 7BT
Greenwich,Charlton Library,SE7 8RE
Greenwich,Eltham Centre Library,SE9 1HA
Greenwich,Coldharbour Library,SE9 3AY
Greenwich,New Eltham Library,SE9 3QT
Greenwich,Greenwich Centre Library,SE10 9GB
Hackney,Clapton Library,E5 8RA
Hackney,Dalston CLR James Library,E8 3BQ
Hackney,Hackney Central Library,E8 1GQ
Hackney,Homerton Library,E9 6AS
Hackney,Shoreditch Library,N1 6LP
Hackney,Stamford Hill Library,N16 6SB
Hackney,Stoke Newington Library,N16 0JS
Hackney,Woodberry Down Library,N4 2HF
Halton,Runcorn,WA7 1NE
Halton,Halton Lea,WA7 2PF
Halton,Widnes,WA8 7QY
Halton,Ditton,WA8 8HR
Hammersmith and Fulham,Askew Road,W12 9AS
Hammersmith and Fulham,Fulham,SW6 5NX
Hammersmith and Fulham,Hammersmith Library (including Local Studies & Archives),W6 7AT
Hammersmith and Fulham,Shepherds Bush,W6 7AT
Hammersmith and Fulham,Avonmore Library & Neighbourhood Centre,W14 8TG
Hampshire,Aldershot,GU11 1DQ
Hampshire,Alresford,SO24 9AQ
Hampshire,Alton,GU34 1HT
Hampshire,Andover,SP10 1LT
Hampshire,Basingstoke Discovery Centre,RG21 7LS
Hampshire,Bishops Waltham,SO32 1EE
Hampshire,Bordon,GU35 0TN
Hampshire,Bridgemary,PO13 0LA
Hampshire,Chandlers Ford,SO53 2LH
Hampshire,Chineham,RG24 8BQ
Hampshire,Eastleigh,SO50 5SF
Hampshire,Emsworth,PO10 7DD
Hampshire,Fareham,PO16 7EN
Hampshire,Farnborough,GU14 7JZ
Hampshire,Fleet,GU51 4BX
Hampshire,Fordingbridge,SP6 1AQ
Hampshire,Gosport Discovery Centre,PO12 1BT
Hampshire,Havant,PO9 1UN
Hampshire,Hayling Island,PO11 9EE
Hampshire,Hedge End,SO30 4DY
Hampshire,Hythe,SO45 6AQ
Hampshire,Leigh Park,PO9 5AB
Hampshire,Liphook,GU30 7AN
Hampshire,Lockswood,SO31 6DX
Hampshire,Lymington,SO41 9BW
Hampshire,Netley,SO31 5DT
Hampshire,New Milton,BH25 6RW
Hampshire,Overton,RG25 3HB
Hampshire,Petersfield,GU32 3HH
Hampshire,Portchester,PO16 9TX
Hampshire,Ringwood,BH24 1DW
Hampshire,Romsey,SO51 8DN
Hampshire,Stubbington,PO14 2PP
Hampshire,Tadley,RG26 3JE
Hampshire,Totton,SO40 3RS
Hampshire,Waterlooville,PO7 7DT
Hampshire,West End,SO30 3FE
Hampshire,Whitchurch,RG28 7HP
Hampshire,Winchester Library,SO23 8SB
Hampshire,Yateley,GU46 6NL
Haringey,Muswell Hill Library,N10 3PE
Haringey,Marcus Garvey Library,N15 4JA
Haringey,St Ann's Library,N15 5PU
Haringey,Coombes Croft Library,N17 8BY
Haringey,Wood Green Library,N22 6XD
Haringey,Alexandra Park Library,N22 7UJ
Haringey,Stroud Green & Harringay Library,N4 4QL
Haringey,Highgate Library,N6 5QJ
Haringey,Hornsey Library,N8 9JA
Harrow,Roxeth,HA2 8EQ
Harrow,Wealdstone,HA3 7AE
Harrow,Kenton,HA3 8UJ
Harrow,Pinner,HA5 5NQ
Harrow,Stanmore,HA7 3BQ
Harrow,Greenhill,HA1 1GX
Hartlepool,Headland Library,TS24 0JD
Hartlepool,Seaton Carew Library,TS25 1BN
Hartlepool,Community Hub South,TS25 3LQ
Hartlepool,Throston Grange Library,TS26 0TB
Hartlepool,Community Hub Central,TS26 9DE
Havering,Harold Hill Library,RM3 8ED
Havering,Collier Row Library,RM5 3NR
Havering,Elm Park Library,RM12 4PT
Havering,Gidea Park Library,RM2 6BS
Havering,Harold Wood Library,RM3 0RX
Havering,Hornchurch Library,RM11 1TB
Havering,Rainham Library,RM13 9GP
Havering,Romford Central Library,RM1 3AR
Havering,South Hornchurch Library,RM13 7RD
Havering,Upminster Library,RM14 2BB
"Herefordshire, County of",Peterchurch,HR2 0RS
"Herefordshire, County of",Belmont,HR2 7UQ
"Herefordshire, County of",Weobley,HR4 8SG
"Herefordshire, County of",Hereford,HR4 9AU
"Herefordshire, County of",Kington,HR5 3DJ
"Herefordshire, County of",Leominster,HR6 8BN
"Herefordshire, County of",Bromyard,HR7 4EB
"Herefordshire, County of",Ledbury,HR8 1EA
"Herefordshire, County of",Ross-on-Wye,HR9 7AN
"Herefordshire, County of",Leintwardine,SY7 0LB
"Herefordshire, County of",Colwall,WR13 6QT
Hertfordshire,Abbots Langley Library,WD5 0AP
Hertfordshire,Adeyfield Library (Hemel Hempstead),HP2 4EW
Hertfordshire,Baldock Library,SG7 6DH
Hertfordshire,Berkhamsted Library,HP4 3HB
Hertfordshire,Bishops Stortford Library,CM23 2EJ
Hertfordshire,Borehamwood Library,WD6 1EB
Hertfordshire,Bovingdon Community Library,HP3 0HJ
Hertfordshire,Brookmans Park Community Library,AL9 7QR
Hertfordshire,Buntingford Library,SG9 9AE
Hertfordshire,Bushey Library,WD23 1FA
Hertfordshire,Cheshunt Library,EN8 8LB
Hertfordshire,Chorleywood Community Library,WD3 5LB
Hertfordshire,Croxley Green Library,WD3 3HB
Hertfordshire,Cuffley Community Library,EN6 4JA
Hertfordshire,Goffs Oak Community Library,EN7 5ET
Hertfordshire,Harpenden Library,AL5 2RU
Hertfordshire,Hatfield Library,AL10 0LD
Hertfordshire,Hemel Hempstead Library,HP1 1DN
Hertfordshire,Hertford Library,SG14 1DR
Hertfordshire,Hitchin Library,SG5 1EW
Hertfordshire,Hoddesdon Library,EN11 8HD
Hertfordshire,Kings Langley Community Library,WD4 8ET
Hertfordshire,Knebworth Community Library,SG3 6ER
Hertfordshire,Letchworth Library,SG6 3PF
Hertfordshire,Leverstock Green Community Library (Hemel Hempstead),HP3 8QG
Hertfordshire,London Colney Community Library,AL2 1PU
Hertfordshire,Marshalswick Library (St. Albans),AL4 9TU
Hertfordshire,North Watford Library,WD24 7RW
Hertfordshire,Oakmere Library (Potters Bar),EN6 5BZ
Hertfordshire,Oxhey Library (South Oxhey),WD19 7AG
Hertfordshire,Radlett Library,WD7 8HL
Hertfordshire,Redbourn Community Library,AL3 7BE
Hertfordshire,Rickmansworth Library,WD3 1EH
Hertfordshire,Royston Library,SG8 9JN
Hertfordshire,Sawbridgeworth Community Library,CM21 9BD
Hertfordshire,St. Albans Library,AL1 3JQ
Hertfordshire,Stevenage Central Library,SG1 1HD
Hertfordshire,Stevenage Old Town Library,SG1 3EF
Hertfordshire,Tring Library,HP23 4AF
Hertfordshire,Waltham Cross Library,EN8 7AN
Hertfordshire,Ware Library,SG12 9AD
Hertfordshire,Watford Central Library,WD17 3EU
Hertfordshire,Welwyn Community Library,AL6 9ER
Hertfordshire,Welwyn Garden City Central Library & Information Service,AL8 6AJ
Hertfordshire,Woodhall Library,AL7 3JA
Hertfordshire,Performing Arts Library,AL7 1HT
Hertfordshire,Wheathampstead Commnity Library,AL4 8AY
Hillingdon,South Ruislip Library,HA4 0JE
Hillingdon,Botwell Green Library,UB3 2HW
Hillingdon,Charville Library,UB4 8LF
Hillingdon,Eastcote Library,HA5 1RL
Hillingdon,Harefield Library,UB9 6BJ
Hillingdon,Harlington Library,UB3 1PB
Hillingdon,Hayes End Library,UB4 8QJ
Hillingdon,Ickenham Library,UB10 8RE
Hillingdon,Manor Farm Library,HA4 7SU
Hillingdon,Northwood Hills Library,HA6 1QQ
Hillingdon,Northwood Library,HA6 3AA
Hillingdon,Oak Farm Library,UB10 9PB
Hillingdon,Ruislip Manor Library,HA4 8TW
Hillingdon,Uxbridge Library,UB8 1HD
Hillingdon,West Drayton Library,UB7 7JS
Hillingdon,Yeading Library,UB4 0EW
Hillingdon,Yiewsley Library,UB7 7BE
Hounslow,Feltham Library,TW13 4GU
Hounslow,Hanworth Library,TW13 5EG
Hounslow,Bedfont Library,TW14 8DB
Hounslow,Hounslow Library,TW3 1ES
Hounslow,Beavers Library,TW4 7NW
Hounslow,Heston Library,TW5 0LW
Hounslow,Cranford Library,TW5 9TL
Hounslow,Osterley Library,TW7 4NB
Hounslow,Isleworth Library,TW7 7EU
Hounslow,Brentford Library,TW8 8DW
Hounslow,Chiswick Library,W4 2AB
Isle of Wight,Cowes,PO31 7SG
Isle of Wight,Freshwater,PO40 9AP
Isle of Wight,Lord Louis,PO30 1LL
Isle of Wight,Ryde,PO33 2JE
Isle of Wight,Sandown,PO36 8AF
Isle of Wight,Ventnor,PO38 1LZ
Islington,Cat and Mouse Library,N7 0JN
Islington,Archway Library,N19 5PH
Islington,Finsbury Library,EC1V 4NB
Islington,Islington Central Library,N5 1PF
Islington,Lewis Carroll Children's Library,N1 0ST
Islington,Mildmay Library,N1 4NA
Islington,N4 Library,N4 2DW
Islington,North Library,N7 6JX
Islington,South Library,N1 2SL
Islington,West Library,N1 1BD
Kensington and Chelsea,Brompton Library,SW5 0BS
Kensington and Chelsea,Chelsea Library,SW3 5EZ
Kensington and Chelsea,Kensal Library,W10 5PF
Kensington and Chelsea,Kensington Central Library,W8 7RX
Kensington and Chelsea,North Kensington Library,W11 1PZ
Kensington and Chelsea,Notting Hill Gate Library,W2 4EW
Kent,Allington Library,ME16 0PR
Kent,Ash Library,CT3 2BG
Kent,Ashen Drive Library,DA1 3LY
Kent,Aylesham Library,CT3 3AJ
Kent,Birchington Library,CT7 9EG
Kent,Bockhanger Library,TN24 9LS
Kent,Borough Green Library,TN15 8BJ
Kent,Boughton-under-Blean Library,ME13 9AH
Kent,Broadstairs Library,CT10 2BS
Kent,Canterbury Library,CT1 2RA
Kent,Charing Library,TN27 0LR
Kent,Cheriton Library,CT19 4HB
Kent,Cliftonville Library,CT9 3JX
Kent,Coldharbour Library,DA11 8AE
Kent,Coxheath Library,ME17 4EH
Kent,Cranbrook Library,TN17 3JT
Kent,Dartford Library,DA1 1EU
Kent,Dashwood Library,DA11 7LY
Kent,Deal Library,CT14 6ER
Kent,Dover Library,CT16 1PH
Kent,East Peckham Library,TN12 5AU
Kent,Faversham Library,ME13 8DY
Kent,Fleetdown Library,DA2 6JZ
Kent,Folkestone Library,CT20 1HD
Kent,Gravesend Library,DA12 1BE
Kent,Greenhithe Library,DA9 9EJ
Kent,Hadlow Library,TN11 0EH
Kent,Hartley Library,DA3 8EL
Kent,Hawkhurst Library,TN18 4EY
Kent,Headcorn Library,TN27 9QT
Kent,Herne Bay Library,CT6 5JY
Kent,Higham Library,ME3 7BS
Kent,Hildenborough Library,TN11 9HX
Kent,Hive House Library,DA11 9DE
Kent,Hythe Library,CT21 6BQ
Kent,Kemsing Library,TN15 6QD
Kent,King's Farm Library,DA12 5HR
Kent,Larkfield Library,ME20 6QW
Kent,Lenham Library,ME17 2PQ
Kent,Longfield Library,DA3 7QT
Kent,Lydd Library,TN29 9HN
Kent,Lyminge Library,CT18 8HS
Kent,Madginford Library,ME15 8LH
Kent,Marden Library,TN12 9DP
Kent,Margate Library,CT9 1RE
Kent,Marling Cross Library,DA12 5TY
Kent,Meopham Library,DA13 0AH
Kent,Minster-in-Sheppey Library,ME12 3NP
Kent,Minster-in-Thanet Library,CT12 4EA
Kent,New Ash Green Library,DA3 8QT
Kent,New Romney Library,TN28 8AU
Kent,Newington Library,CT12 6NB
Kent,Otford Library,TN14 5PH
Kent,Paddock Wood Library,TN12 6EN
Kent,Pembury Library,TN2 4HS
Kent,Queenborough Library,ME11 5AY
Kent,Ramsgate Library,CT11 9AY
Kent,Riverhead Library,TN13 2BU
Kent,Riverview Park Library,DA12 4NG
Kent,Rusthall Library,TN4 8RZ
Kent,Sandgate Library,CT20 3RR
Kent,Sandwich Library,CT13 9DA
Kent,Seal Library,TN15 0AL
Kent,Sevenoaks Library,TN13 1LQ
Kent,Shepway Library,ME15 7LW
Kent,Sherwood Library,TN2 3LZ
Kent,Showfields Library,TN2 5PR
Kent,Sittingbourne Library,ME10 4AH
Kent,Snodland Library,ME6 5DA
Kent,Southborough Library,TN4 0NA
Kent,St. Margaret's-at-Cliffe Library,CT15 6AZ
Kent,Staplehurst Library,TN12 0LA
Kent,Sturry Library,CT2 0BA
Kent,Summerhouse Drive Library,DA5 2EE
Kent,Sutton-at-Hone Library,DA4 9HQ
Kent,Swalecliffe Library,CT5 2LX
Kent,Swanscombe Library,DA10 0BZ
Kent,Temple Hill Library,DA1 5HY
Kent,Tenterden Library,TN30 6HP
Kent,Teynham Library,ME9 9QJ
Kent,Tonbridge Library,TN9 1TG
Kent,Tonbridge North Library,TN10 3NP
Kent,Vigo Library,DA13 0TD
Kent,West Kingsdown Library,TN15 6BZ
Kent,West Malling Library,ME19 6QR
Kent,Westerham Library,TN16 1BD
Kent,Westgate Library,CT8 8BP
Kent,Whitstable Library,CT5 1DB
Kent,Wood Avenue Library,CT19 6HS
Kent,Wye Library,TN25 5AF
Kent,Yalding Library,ME18 6HU
Kent,Stanhope Library,TN23 5TH
Kent,Swanley Library,BR8 7AE
Kent,Ashford Library,TN23 1AS
Kent,Bearsted Library,ME14 4PH
Kent,Edenbridge Library,TN8 6BY
Kent,"Kent History & Library Centre, Maidstone",ME14 1LQ
Kent,Sheerness Library,ME12 1NL
Kent,Tunbridge Wells Library  at The Amelia,TN1 1NS
"Kingston upon Hull, City of",Hull Central Library,HU1 3TF
"Kingston upon Hull, City of",Western Library,HU3 3ED
"Kingston upon Hull, City of",Gipsyville Library,HU4 6JA
"Kingston upon Hull, City of",Avenues Library,HU5 3TS
"Kingston upon Hull, City of",Fred Moore Library,HU5 5UN
"Kingston upon Hull, City of",Greenwood Avenue Library,HU6 9RU
"Kingston upon Hull, City of",Bransholme Library,HU7 4EF
"Kingston upon Hull, City of",Ings Library,HU8 0TY
"Kingston upon Hull, City of",Longhill Library,HU8 9PD
"Kingston upon Hull, City of",Freedom Centre Library,HU9 3QB
"Kingston upon Hull, City of",Waudby Library,HU9 5LD
"Kingston upon Hull, City of",East Park Library,HU8 8JU
Kingston Upon Thames,Kingston Library,KT1 2PS
Kingston Upon Thames,Tudor Drive Library,KT2 5QH
Kingston Upon Thames,New Malden Library,KT3 3LY
Kingston Upon Thames,Old Malden Library,KT4 7RD
Kingston Upon Thames,Surbiton Library,KT6 6AG
Kingston Upon Thames,Tolworth Community Library,KT6 7DJ
Kingston Upon Thames,Hook & Chessington Library,KT9 1EJ
Kirklees,Almondbury Library,HD5 8TD
Kirklees,Batley Library,WF17 5DA
Kirklees,Birkby & Fartown Library,HD1 6HF
Kirklees,Birstall Library,WF17 9EN
Kirklees,Chestnut Centre Library,HD2 1HJ
Kirklees,Cleckheaton Library,BD19 3DX
Kirklees,Denby Dale Library,HD8 8RX
Kirklees,Dewsbury Library,WF12 8EQ
Kirklees,Golcar Library,HD7 4QD
Kirklees,Heckmondwike Library,WF16 0LY
Kirklees,Holmfirth Library,HD9 3JH
Kirklees,Honley Library,HD9 6HF
Kirklees,Huddersfield Library,HD1 2SU
Kirklees,Kirkburton Library,HD8 0RT
Kirklees,Kirkheaton Library,HD5 0LZ
Kirklees,Lindley Library,HD3 3JP
Kirklees,Marsden Library,HD7 6BW
Kirklees,Meltham Library,HD9 4AE
Kirklees,Mirfield Library,WF14 8AN
Kirklees,Rawthorpe & Dalton Library,HD5 9QJ
Kirklees,Shepley Library,HD8 8AE
Kirklees,Skelmanthorpe Library,HD8 9DA
Kirklees,Slaithwaite Library,HD7 5AF
Kirklees,The Greenwood Centre,WF13 3JR
Knowsley,Kirkby,L32 8XY
Knowsley,Prescot,L34 5GA
Knowsley,Stockbridge Village,L28 1AB
Knowsley,Halewood,L26 9UH
Knowsley,Huyton,L36 9GD
Lambeth,Waterloo,SE1 7QP
Lambeth,Durning,SE11 4HF
Lambeth,Upper Norwood,SE19 1TQ
Lambeth,Carnegie Library (Herne Hill),SE24 0DG
Lambeth,West Norwood,SE27 9JX
Lambeth,Minet,SE5 9QY
Lambeth,Streatham,SW16 1PN
Lambeth,Brixton,SW2 1JQ
Lambeth,Clapham,SW4 7DB
Lambeth,Tate South Lambeth,SW8 1QP
Lancashire,Accrington,BB5 1NQ
Lancashire,Adlington,PR6 9RG
Lancashire,Ansdell,FY8 4DJ
Lancashire,Bacup,OL13 9AH
Lancashire,Bamber Bridge,PR5 6LA
Lancashire,Barnoldswick,BB18 5DW
Lancashire,Barrowford,BB9 8QH
Lancashire,Bolton-le-Sands,LA5 8DN
Lancashire,Brierfield,BB9 5HW
Lancashire,Burnley,BB11 2BD
Lancashire,Burnley Campus,BB10 1JD
Lancashire,Burscough,L40 5TJ
Lancashire,Carnforth,LA5 9DZ
Lancashire,Chatburn,BB7 4AS
Lancashire,Chorley,PR7 1EB
Lancashire,Clayton Green,PR6 7EN
Lancashire,Cleveleys,FY5 1EE
Lancashire,Clitheroe,BB7 2DG
Lancashire,Coal Clough,BB11 4NW
Lancashire,Colne,BB8 0AP
Lancashire,Coppull,PR7 5DF
Lancashire,Earby,BB18 6QX
Lancashire,Eccleston,PR7 5TE
Lancashire,Euxton,PR7 6AH
Lancashire,Fleetwood,FY7 6AJ
Lancashire,Freckleton,PR4 1PB
Lancashire,Fulwood,PR2 9RX
Lancashire,Garstang,PR3 1ED
Lancashire,Great Harwood,BB6 7AL
Lancashire,Halton,LA2 6QE
Lancashire,Haslingden,BB4 5QJ
Lancashire,Heysham,LA3 2BJ
Lancashire,Ingol,PR2 3YX
Lancashire,Kingsfold,PR1 9EJ
Lancashire,Kirkham,PR4 2HD
Lancashire,Knott End,FY6 0AU
Lancashire,Lancaster,LA1 1HY
Lancashire,Leyland,PR25 2EX
Lancashire,Longridge,PR3 3JA
Lancashire,Longton,PR4 5HA
Lancashire,Lostock Hall,PR5 5TU
Lancashire,Lytham,FY8 5EP
Lancashire,Mellor,BB2 7JW
Lancashire,Morecambe,LA4 5DL
Lancashire,Nelson,BB9 7PU
Lancashire,Ormskirk,L39 2EN
Lancashire,Oswaldtwistle,BB5 3HS
Lancashire,Padiham,BB12 8PS
Lancashire,Parbold,WN8 7EA
Lancashire,Pike Hill,BB10 3JX
Lancashire,Poulton,FY6 7DH
Lancashire,Preston Harris,PR1 1HT
Lancashire,Rawtenstall,BB4 6QU
Lancashire,Ribbleton,PR2 6EE
Lancashire,Rishton,BB1 4LA
Lancashire,Savick,PR2 1UH
Lancashire,Sharoe Green,PR2 8ED
Lancashire,Silverdale,LA5 0RA
Lancashire,Skelmersdale,WN8 6DL
Lancashire,St. Annes,FY8 1NR
Lancashire,Tarleton,PR4 6TU
Lancashire,Thornton,FY5 3SZ
Lancashire,Whalley,BB7 9RS
Lancashire,Whitworth,OL12 8AA
Leeds,Ardsley & Tingley Library,WF3 2DL
Leeds,Armley Library,LS12 1UQ
Leeds,Beeston Library,LS11 8PN
Leeds,Boston Spa Library,LS23 6BH
Leeds,Bramley Library,LS13 3ND
Leeds,Calverley Library,LS28 5PD
Leeds,Chapel Allerton Library,LS7 4LZ
Leeds,Chapeltown Library,LS7 3EX
Leeds,Compton Road Library,LS9 7BG
Leeds,Crossgates Library,LS15 7LB
Leeds,Dewsbury Road Library,LS11 6PF
Leeds,Farsley Library,LS28 5DH
Leeds,Garforth Library,LS25 1EH
Leeds,Gildersome Library,LS27 7AB
Leeds,Guiseley Library,LS20 9BT
Leeds,Halton Library,LS15 7JR
Leeds,Headingley Library,LS6 3HG
Leeds,Holt Park Library,LS16 7RX
Leeds,Horsforth Library,LS18 5BL
Leeds,Hunslet Library,LS10 2NS
Leeds,Kippax Library,LS25 7LY
Leeds,Leeds Central Library,LS1 3AB
Leeds,Middleton Library / St George's Centre,LS10 4UZ
Leeds,Moor Allerton Library,LS17 5NY
Leeds,Morley Library,LS27 8HZ
Leeds,Oakwood Library,LS8 2PZ
Leeds,Otley Library,LS21 1EZ
Leeds,Pudsey Library,LS28 7TY
Leeds,Rothwell Library,LS26 0AE
Leeds,Scholes Library,LS15 4BJ
Leeds,Seacroft Library,LS14 6JD
Leeds,Wetherby Library,LS22 6LL
Leeds,Whinmoor Library,LS14 2DF
Leeds,Yeadon Library,LS19 7PP
Leicester,Aylestone Library,LE2 6LU
Leicester,Beaumont Leys Library,LE4 1DS
Leicester,Belgrave Library,LE4 6JD
Leicester,Braunstone Library,LE3 1LE
Leicester,Evington Library,LE5 6DH
Leicester,Fosse Library,LE3 5HG
Leicester,Hamilton Library & Community Centre,LE5 1BL
Leicester,Highfields Library,LE2 0DS
Leicester,Knighton Library,LE2 3AJ
Leicester,Leicester Central Library,LE1 6AA
Leicester,New Parks Library,LE3 9PW
Leicester,Pork Pie Library & Community Centre,LE2 6QS
Leicester,Rushey Mead Library,LE4 7ZX
Leicester,St. Barnabas Library,LE5 4AH
Leicester,St. Matthews Library,LE1 2PD
Leicester,Westcotes Library,LE3 0BQ
Leicestershire,Hinckley,LE10 0AT
Leicestershire,Loughborough,LE11 3DU
Leicestershire,Shepshed,LE12 9AN
Leicestershire,Melton Mowbray,LE13 0UJ
Leicestershire,Market Harborough,LE16 7LT
Leicestershire,Lutterworth,LE17 4ED
Leicestershire,Wigston,LE18 1PA
Leicestershire,Oadby,LE2 5BF
Leicestershire,Glenfield,LE3 8BT
Leicestershire,Birstall,LE4 4JU
Leicestershire,Ashby-De-La-Zouch,LE65 1HU
Leicestershire,Coalville,LE67 3EA
Leicestershire,Syston,LE7 1HR
Leicestershire,Blaby,LE8 4DW
Leicestershire,Broughton Astley,LE9 6RD
Leicestershire,Earl Shilton,LE9 7NE
Lewisham,Blackheath Village Community Library,SE3 9LA
Lewisham,Catford library,SE6 4JU
Lewisham,Crofton Park Community Library,SE4 2AG
Lewisham,Downham Library,BR1 5EP
Lewisham,Forest Hill Community Library,SE23 3HZ
Lewisham,Grove Park Community Library,SE12 0BX
Lewisham,Lewisham Library,SE13 6LG
Lewisham,Manor House Community Library,SE13 5SY
Lewisham,New Cross Community Library,SE14 6AS
Lewisham,Sydenham Community Library,SE26 5SE
Lewisham,Torridon Road Community Library,SE6 1RQ
Lewisham,The Library at Deptford Lounge,SE8 4RJ
Lincolnshire,Gainsborough Library,DN21 2NG
Lincolnshire,Woodhall Spa Library,LN10 6QL
Lincolnshire,Louth Library,LN11 0LY
Lincolnshire,Mablethorpe Library,LN12 1DP
Lincolnshire,Lincoln Central Library,LN2 1EZ
Lincolnshire,Market Raisen Library,LN8 3BP
Lincolnshire,Horncastle Library,LN9 5HL
Lincolnshire,Grantham Library,NG31 6EE
Lincolnshire,Sleaford Library,NG34 7SR
Lincolnshire,Bourne Library and CAP,PE10 9EF
Lincolnshire,Spalding Library,PE11 1EA
Lincolnshire,Long Sutton Library,PE12 9HD
Lincolnshire,Boston Library,PE21 6DY
Lincolnshire,Skegness Library,PE25 2SA
Lincolnshire,Stamford Library,PE9 2BB
Lincolnshire,Heckington Community Hub,NG34 9RE
Lincolnshire,Swineshead Community Hub,PE20 3LH
Lincolnshire,Ingoldmells Community Hub,PE25 1NL
Liverpool,Childwall,L15 6UT
Liverpool,West Derby,L13 7HQ
Liverpool,Allerton,L18 6HG
Liverpool,Central Library,L3 8EW
Liverpool,Croxteth,L11 0BS
Liverpool,Garston,L19 1QN
Liverpool,Kensington,L7 2RJ
Liverpool,Lee Valley,L25 2RF
Liverpool,Norris Green,L11 5AF
Liverpool,Old Swan,L13 5XG
Liverpool,Parklands,L24 0TY
Liverpool,Sefton Park,L17 4JS
Liverpool,Spellow,L4 3QF
Liverpool,Toxteth,L8 1XF
Liverpool,Wavertree,L15 4LP
Luton,Leagrave Library,LU3 2NL
Luton,Lewsey Library,LU4 0SW
Luton,Luton Central Library,LU1 2NG
Luton,Marsh Farm Library,LU3 3TL
Luton,Stopsley Library,LU2 7UG
Manchester,Central Library,M2 5PD
Manchester,Chorlton Library,M21 9PN
Manchester,Didsbury Library,M20 2DN
Manchester,Fallowfield Community Library,M14 7FB
Manchester,Forum Library Wythenshawe,M22 5RX
Manchester,Gorton Library,M18 8HE
Manchester,Longsight Library & Learning Centre,M12 4NE
Manchester,Moss Side Powerhouse Library,M14 4SL
Manchester,Newton Heath Library,M40 2JB
Manchester,North City Library,M9 4AF
Manchester,Withington Library,M20 3BN
Manchester,Brooklands Library,M23 9BP
Manchester,Abraham Moss Library,M8 5UF
Manchester,Arcadia library & Leisure Centre,M19 3PH
Manchester,Avenue Library & Learning Centre,M9 6HW
Manchester,Beswick Library,M11 3DS
Manchester,Hulme High Street Library,M15 5NN
Medway,"Strood Library, Community Hub Strood",ME2 4TJ
Medway,"Chatham Library, Community Hub Chatham",ME4 4TX
Medway,Cuxton Library,ME2 1EY
Medway,"Gillingham Library, Community Hub Gillingham",ME7 1BG
Medway,Grain Library,ME3 0BZ
Medway,"Hempstead Library, Neighbourhood Community Hub Hempstead",ME7 3QG
Medway,Hoo Library,ME3 9AL
Medway,Lordswood Library,ME5 8TH
Medway,Luton Library,ME5 7LA
Medway,Rainham Library,ME8 7LR
Medway,"Rochester Library, Community Hub Rochester",ME1 1EW
Medway,"Twydall Library, Community Hub Twydall",ME8 6JY
Medway,Walderslade Hook Meadow Library,ME5 0TZ
Medway,Walderslade Village Library,ME5 9LR
Medway,Wigmore Library,ME8 0PX
Merton,Pollards Hill Library,CR4 1LT
Merton,Mitcham Library,CR4 2YR
Merton,West Barnes Library,KT3 6JF
Merton,Morden Library,SM4 5DX
Merton,Colliers Wood Library,SW19 2HR
Merton,Wimbledon Library,SW19 7NB
Merton,Raynes Park Library,SW20 8BA
Middlesbrough,Central Library,TS1 2AY
Middlesbrough,North Ormesby Community Hub & Library,TS3 6JB
Middlesbrough,Neptune Centre Library,TS3 7RP
Middlesbrough,Thorntree Community Hub & Library,TS3 9JW
Middlesbrough,Grove Hill Community Hub & Library,TS4 2RP
Middlesbrough,Easterside Community Hub & Library,TS4 3PZ
Middlesbrough,Acklam Library & Community Hub,TS5 7AB
Middlesbrough,Marton Library & Community Hub,TS7 8BL
Middlesbrough,Rainbow Library,TS8 0TJ
Middlesbrough,Hemlington Library & Community Hub,TS8 9JJ
Milton Keynes,Kingston Library,MK10 0BA
Milton Keynes,Stony Stratford Library,MK11 1BD
Milton Keynes,Wolverton Library,MK12 5LY
Milton Keynes,Newport Pagnell Library,MK16 8HQ
Milton Keynes,Woburn Sands Library,MK17 8SD
Milton Keynes,Bletchley Library,MK2 2RA
Milton Keynes,Westcroft Library,MK4 4DE
Milton Keynes,Olney Library,MK46 4EF
Milton Keynes,Central Milton Keynes Library,MK9 3HL
Newcastle Upon Tyne,Cruddas Park Library,NE4 7QY
Newcastle Upon Tyne,East End Library,NE6 1AL
Newcastle Upon Tyne,Newbiggin Hall Library,NE5 4BZ
Newcastle Upon Tyne,Walker Library,NE6 3BR
Newcastle Upon Tyne,Blakelaw Library,NE5 3PN
Newcastle Upon Tyne,City Library,NE1 8AX
Newcastle Upon Tyne,Denton Burn Library,NE15 7QQ
Newcastle Upon Tyne,Fenham Library,NE4 9XD
Newcastle Upon Tyne,Gosforth Library,NE3 3HD
Newcastle Upon Tyne,High Heaton Library,NE7 7HD
Newcastle Upon Tyne,Kenton Library,NE3 3QJ
Newcastle Upon Tyne,Newburn Library,NE15 8LN
Newcastle Upon Tyne,Outer West Library,NE5 2QZ
Newcastle Upon Tyne,West End Library,NE4 9JH
Newham,Beckton Library,E6 5JQ
Newham,Canning Town Library,E16 1EH
Newham,Custom House Library,E16 3JJ
Newham,East Ham Library,E6 2RT
Newham,Green Street Library,E13 9AR
Newham,Manor Park Library,E12 5AD
Newham,North Woolwich Library,E16 2LJ
Newham,Plaistow Library,E13 9HL
Newham,Stratford Library,E15 1EL
Newham,The Gate Library,E7 0QH
Norfolk,Harleston Library,IP20 9AW
Norfolk,Diss Library,IP22 3DD
Norfolk,Thetford Library,IP24 2EA
Norfolk,Watton Library,IP25 6AS
Norfolk,Plumstead Road Library,NR1 4JS
Norfolk,Reepham Library,NR10 4JJ
Norfolk,Aylsham Library,NR11 6AA
Norfolk,Mundesley Library,NR11 8BE
Norfolk,Wroxham Library,NR12 8RX
Norfolk,Stalham Library,NR12 9AN
Norfolk,Acle Library,NR13 3RA
Norfolk,Blofield Library,NR13 4RQ
Norfolk,Brundall Library,NR13 5LH
Norfolk,Loddon Library,NR14 6EX
Norfolk,Poringland Library,NR14 7WB
Norfolk,Long Stratton Library,NR15 2XJ
Norfolk,Attleborough Library,NR17 2AH
Norfolk,Wymondham Library,NR18 0QB
Norfolk,Dereham Library,NR19 1DZ
Norfolk,Norfolk & Norwich Millennium Library,NR2 1AW
Norfolk,Fakenham Library,NR21 9DY
Norfolk,Wells Library,NR23 1EA
Norfolk,Holt Library,NR25 6BB
Norfolk,Sheringham Library,NR26 8EB
Norfolk,Cromer Library,NR27 9HS
Norfolk,North Walsham Library,NR28 9DE
Norfolk,Martham Library,NR29 4PR
Norfolk,Mile Cross Library,NR3 2RJ
Norfolk,Great Yarmouth Library,NR30 2SH
Norfolk,Caister Library,NR30 5EX
Norfolk,Gorleston Library,NR31 6SG
Norfolk,Tuckswood Library,NR4 6BX
Norfolk,Earlham Library,NR4 7HG
Norfolk,Costessey Library,NR5 0RW
Norfolk,West Earlham Library,NR5 8AD
Norfolk,Hellesdon Library,NR6 5SR
Norfolk,St Williams Way Library,NR7 0AJ
Norfolk,Sprowston Library,NR7 8EW
Norfolk,Taverham Library,NR8 6JR
Norfolk,Hethersett Library,NR9 3DB
Norfolk,Hingham Library,NR9 4HW
Norfolk,Gaywood Library,PE30 4HD
Norfolk,Kings Lynn Library,PE30 5EZ
Norfolk,Dersingham Library,PE31 6PN
Norfolk,Hunstanton Library,PE36 5EF
Norfolk,Swaffham Library,PE37 7DF
Norfolk,Downham Market Library,PE38 9JS
Norfolk,Norfolk Heritage Centre,NR2 1AW
North East Lincolnshire,Grimsby Central Library,DN31 1HG
North East Lincolnshire,Cleethorpes Library,DN35 8LG
North East Lincolnshire,Waltham Library,DN37 0LL
North East Lincolnshire,Immingham Library,DN40 1QF
North Lincolnshire,Scunthorpe Central,DN15 6TX
North Lincolnshire,Ashby Community Hub,DN16 2RY
North Lincolnshire,Bottesford Library,DN16 3LG
North Lincolnshire,Riddings Community Hub,DN17 2JL
North Lincolnshire,Messingham Community Hub,DN17 3SN
North Lincolnshire,Crowle Community Hub,DN17 4LA
North Lincolnshire,Baysgarth Community Hub,DN18 5DT
North Lincolnshire,Goxhill Library,DN19 7HS
North Lincolnshire,Brigg Community Hub,DN20 8LD
North Lincolnshire,Kirton in Lindsey Library,DN21 4NQ
North Lincolnshire,Epworth Library,DN9 1HQ
North Lincolnshire,Haxey Library,DN9 2HH
North Lincolnshire,Winterton Library & Fitness Centre,DN15 9QF
North Lincolnshire,"The Ivan Glover Library, Broughton",DN20 0JX
North Northamptonshire,Rushden,NN10 0PT
North Northamptonshire,Desborough,NN14 2SQ
North Northamptonshire,Thrapston,NN14 4JJ
North Northamptonshire,Kettering,NN16 0AY
North Northamptonshire,Corby,NN17 1QJ
North Northamptonshire,Earls Barton,NN6 0ND
North Northamptonshire,Wellingborough,NN8 1AS
North Northamptonshire,Irthlingborough,NN9 5PU
North Northamptonshire,Oundle,PE8 4JA
North Somerset,Pill Library & Children's Centre,BS20 0AT
North Somerset,Clevedon library,BS21 6NN
North Somerset,Worle Library & Children's Centre,BS22 6HN
North Somerset,For all Healthy Living Centre library,BS23 3SJ
North Somerset,Campus,BS24 7DX
North Somerset,Winscombe library,BS25 1AB
North Somerset,Nailsea library,BS48 1RQ
North Somerset,Yatton Library & Children's Centre,BS49 4HJ
North Somerset,Congresbury Community Library,BS49 5DX
North Somerset,Portishead library,BS20 7AL
North Somerset,Weston-super-Mare library,BS23 1UJ
North Tyneside,Walsend Customer First Centre,NE28 8JR
North Tyneside,Whitley Bay Customer First Centre,NE26 1AB
North Tyneside,Battle Hill Library,NE28 9JE
North Tyneside,Cullercoats Library,NE30 3JY
North Tyneside,Forest Hall Library,NE12 0LJ
North Tyneside,Howdon Library,NE28 7TG
North Tyneside,John Willie Sams Centre Library,NE23 7HS
North Tyneside,Killingworth (located in the White Swan Customer First Centre),NE12 6SS
North Tyneside,Longbenton Library,NE12 8LT
North Tyneside,Monkseaton Library,NE25 8ET
North Tyneside,North Shields Library,NE30 1QU
North Tyneside,Shiremoor Library,NE27 0HJ
North Tyneside,Tynemouth Library,NE30 4DZ
North Tyneside,Wideopen Library,NE13 6JJ
North Yorkshire,Barlby Library & Community Hub,YO8 5JE
North Yorkshire,Bedale Library,DL8 1AA
North Yorkshire,Bentham Library,LA2 7HG
North Yorkshire,Bilton & Woodfield Community Library,HG1 4HZ
North Yorkshire,Boroughbridge Library,YO51 9AR
North Yorkshire,Catterick Library,DL9 3EL
North Yorkshire,Colburn Library,DL9 4RF
North Yorkshire,Derwent Valley Bridge Community Library,YO13 9JE
North Yorkshire,Easingwold Library,YO61 3AN
North Yorkshire,Eastfield Library,YO11 3LL
North Yorkshire,Embsay-with-Eastby Community Library,BD23 6RE
North Yorkshire,Filey Library,YO14 9AE
North Yorkshire,Gargrave & Malhamdale Community Library,BD23 3RD
North Yorkshire,Grassington Hub & Community Library,BD23 5AT
North Yorkshire,Great Ayton Discovery Centre,TS9 6NB
North Yorkshire,Harrogate Library,HG1 1EG
North Yorkshire,Hawes Library,DL8 3RA
North Yorkshire,Helmsley Library,YO62 5BL
North Yorkshire,Ingleton Library,LA6 3HG
North Yorkshire,Kirkbymoorside Library,YO62 6AT
North Yorkshire,Knaresborough Library,HG5 8AG
North Yorkshire,Leyburn Library,DL8 5AB
North Yorkshire,Malton Library,YO17 7LJ
North Yorkshire,Mashamshire Community Library,HG4 4DY
North Yorkshire,Newby & Scalby Library & Information Centre,YO12 6EE
North Yorkshire,Northallerton Library,DL6 1PT
North Yorkshire,Norton Library,YO17 9ES
North Yorkshire,Pickering Library,YO18 8DY
North Yorkshire,Richmond Library,DL10 4AE
North Yorkshire,Ripon Library,HG4 1AG
North Yorkshire,Scarborough Library,YO11 2NN
North Yorkshire,Selby Library,YO8 4EQ
North Yorkshire,Settle Library,BD24 9RB
North Yorkshire,Sherburn-in-Elmet Library,LS25 6EA
North Yorkshire,Skipton Library,BD23 1JX
North Yorkshire,South Craven Community Library,BD20 8TQ
North Yorkshire,Starbeck Library,HG2 7LW
North Yorkshire,Stokesley Library,TS9 5DH
North Yorkshire,Tadcaster Library,LS24 9JG
North Yorkshire,Thirsk Library,YO7 1TH
North Yorkshire,Whitby Library,YO21 1ET
North Yorkshire,Nidderdale Plus Community Library,HG3 5AT
Northumberland,Heddon Library,NE15 0EJ
Northumberland,Ponteland Library,NE20 9EG
Northumberland,Bedlington Station Library,NE22 5JN
Northumberland,Bedlington Library,NE22 6JX
Northumberland,Cramlington Library,NE23 6YB
Northumberland,Blyth Library,NE24 2DJ
Northumberland,South Beach Library,NE24 3RJ
Northumberland,Seaton Valley Library,NE25 0BW
Northumberland,Seaton Sluice Library,NE26 4QX
Northumberland,Wylam Library,NE41 8EE
Northumberland,Prudhoe Library,NE42 5AA
Northumberland,Corbridge Library,NE45 5AA
Northumberland,Hexham Library,NE46 3LS
Northumberland,Haydon Bridge Library,NE47 6JQ
Northumberland,Allendale Library,NE47 9PP
Northumberland,Kielder Library,NE48 1HQ
Northumberland,Bellingham Library,NE48 2AS
Northumberland,Haltwhistle Library,NE49 0AX
Northumberland,Morpeth Library,NE61 1AF
Northumberland,Widdrington Library,NE61 5LZ
Northumberland,Lynemouth Library,NE61 5YL
Northumberland,Guide Post Library,NE62 5BZ
Northumberland,Ashington Library,NE63 9JY
Northumberland,Hirst Library,NE63 9RX
Northumberland,Newbiggin Library,NE64 6HG
Northumberland,Amble Library,NE65 0ET
Northumberland,Rothbury Library,NE65 7TZ
Northumberland,Alnwick Library,NE66 1PQ
Northumberland,Wooler Library,NE71 6BL
Northumberland,Berwick Library,TD15 1DB
Nottingham,Aspley Library,NG8 5DD
Nottingham,Basford Library,NG6 0AR
Nottingham,Bilborough Library,NG8 4PN
Nottingham,Bulwell Riverside Library,NG6 8QJ
Nottingham,Clifton Library,NG11 8AB
Nottingham,Hyson Green Library,NG7 5HY
Nottingham,Meadows Library,NG2 2DR
Nottingham,Nottingham Central Library,NG1 6HP
Nottingham,Radford-Lenton Library,NG7 2BY
Nottingham,Sherwood Library,NG5 4AB
Nottingham,Southglade Park Library,NG5 5GU
Nottingham,St. Ann's Valley Library,NG3 3GG
Nottingham,Strelley Road Library,NG8 3BJ
Nottingham,Wollaton Library,NG8 2NA
Nottingham,Dales Centre Library,NG2 4HJ
Nottinghamshire,Misterton,DN10 4BU
Nottinghamshire,Bircotes,DN11 8AD
Nottinghamshire,Retford,DN22 6PE
Nottinghamshire,Sutton Bonnington,LE12 5NJ
Nottinghamshire,East Leake,LE12 6JG
Nottinghamshire,Gotham,NG11 0HE
Nottinghamshire,Ruddington,NG11 6HD
Nottinghamshire,Radcliffe-on-Trent,NG12 2AJ
Nottinghamshire,Cotgrave,NG12 3JQ
Nottinghamshire,Keyworth,NG12 5FF
Nottinghamshire,Bingham,NG13 8BE
Nottinghamshire,Burton Joyce,NG14 5EX
Nottinghamshire,Calverton,NG14 6FP
Nottinghamshire,Lowdham,NG14 7BD
Nottinghamshire,Edgewood,NG15 6HX
Nottinghamshire,Hucknall,NG15 7BS
Nottinghamshire,Ravenshead,NG15 9BD
Nottinghamshire,Kimberley,NG16 2LY
Nottinghamshire,Eastwood,NG16 3GB
Nottinghamshire,Jacksdale,NG16 5LF
Nottinghamshire,Selston,NG16 6BW
Nottinghamshire,Sutton-in-Ashfield,NG17 1BP
Nottinghamshire,Huthwaite,NG17 2NG
Nottinghamshire,Skegby & Stanton Hill,NG17 3EE
Nottinghamshire,Kirkby-in-Ashfield,NG17 7BQ
Nottinghamshire,Annesley Woodhouse,NG17 9BH
Nottinghamshire,Mansfield Central,NG18 1NH
Nottinghamshire,Ladybrook,NG18 5JH
Nottinghamshire,Forest Town,NG19 0AA
Nottinghamshire,Mansfield Woodhouse,NG19 8AH
Nottinghamshire,West Bridgford,NG2 6AT
Nottinghamshire,Warsop,NG20 0AG
Nottinghamshire,Rainworth,NG21 0AD
Nottinghamshire,Blidworth,NG21 0PW
Nottinghamshire,Clipstone,NG21 9DA
Nottinghamshire,Edwinstowe,NG21 9QS
Nottinghamshire,Farnsfield,NG22 8JN
Nottinghamshire,Bilsthorpe,NG22 8QX
Nottinghamshire,Ollerton,NG22 9PL
Nottinghamshire,Dukeries,NG22 9TD
Nottinghamshire,Sutton-on-Trent,NG23 6PF
Nottinghamshire,Collingham,NG23 7LB
Nottinghamshire,Newark,NG24 1UW
Nottinghamshire,Balderton,NG24 3NP
Nottinghamshire,Southwell,NG25 0EH
Nottinghamshire,Mapperley,NG3 6DG
Nottinghamshire,Carlton Hill Library,NG4 1JE
Nottinghamshire,Carlton,NG4 3AY
Nottinghamshire,Gedling,NG4 4HX
Nottinghamshire,Woodthorpe,NG5 4JW
Nottinghamshire,Arnold,NG5 7EE
Nottinghamshire,Beeston,NG9 1AE
Nottinghamshire,Inham Nook,NG9 4HU
Nottinghamshire,Toton,NG9 6GA
Nottinghamshire,Stapleford,NG9 8GA
Nottinghamshire,Worksop,S80 2BP
Nottinghamshire,Balmoral,S81 7EF
Nottinghamshire,Carlton in Lindrick,S81 9AR
Nottinghamshire,Langold,S81 9QL
Oldham,Failsworth Library,M35 0FJ
Oldham,Oldham Library & Lifelong Learning Centre,OL1 1AL
Oldham,Royton Library,OL2 5QR
Oldham,Crompton Library,OL2 8QY
Oldham,Uppermill Library,OL3 6AP
Oldham,Greenfield Library,OL3 7EQ
Oldham,Lees Library Community Hub,OL4 5DA
Oldham,Fitton Hill Library,OL8 2QD
Oldham,Limehurst Library,OL8 3HH
Oldham,Chadderton Library & Wellbeing Centre,OL9 0JW
Oldham,Northmoor Library,OL9 6DH
Oldham,Delph Library,OL3 5JG
Oxfordshire,Barton Community Library,OX3 9LS
Oxfordshire,Bicester,OX26 6JU
Oxfordshire,Chalbury,OX7 3PQ
Oxfordshire,Littlemore,OX4 5JY
Oxfordshire,Oxfordshire County Library,OX1 1AY
Oxfordshire,Thame,OX9 3BH
Oxfordshire,Woodgreen,OX16 0AT
Oxfordshire,Woodstock,OX20 1SN
Oxfordshire,Abingdon,OX14 3LY
Oxfordshire,Adderbury,OX17 3LS
Oxfordshire,Bampton,OX18 2NE
Oxfordshire,Banbury,OX16 5DB
Oxfordshire,Benson,OX10 6SD
Oxfordshire,Berinsfield,OX10 7NR
Oxfordshire,Blackbird Leys,OX4 6HT
Oxfordshire,Botley,OX2 9LP
Oxfordshire,Burford,OX18 4QF
Oxfordshire,Carterton,OX18 3JH
Oxfordshire,Chinnor,OX39 4PU
Oxfordshire,Chipping Norton,OX7 5NP
Oxfordshire,Cowley,OX4 2EZ
Oxfordshire,Deddington,OX15 0SH
Oxfordshire,Didcot,OX11 8DU
Oxfordshire,Eynsham,OX29 4JS
Oxfordshire,Faringdon,SN7 7HY
Oxfordshire,Goring,RG8 9HA
Oxfordshire,Grove,OX12 7LB
Oxfordshire,Headington,OX3 9HY
Oxfordshire,Henley,RG9 2DH
Oxfordshire,Hook Norton,OX15 5NH
Oxfordshire,Kennington,OX1 5PG
Oxfordshire,Kidlington,OX5 2BP
Oxfordshire,North Leigh,OX29 6SA
Oxfordshire,Old Marston,OX3 0PH
Oxfordshire,Sonning Common,RG4 9RH
Oxfordshire,Stonesfield,OX29 8EF
Oxfordshire,Summertown,OX2 7JN
Oxfordshire,Wallingford,OX10 0DB
Oxfordshire,Wantage,OX12 7BB
Oxfordshire,Watlington,OX49 5PZ
Oxfordshire,Wheatley,OX33 1XP
Oxfordshire,Witney,OX28 6JH
Oxfordshire,Woodcote,RG8 0QY
Oxfordshire,Wychwood,OX7 6LD
Peterborough,Bretton,PE3 8DS
Peterborough,Dogsthorpe,PE1 4LH
Peterborough,Eye,PE6 7TN
Peterborough,Orton,PE2 5RQ
Peterborough,Peterborough Central,PE1 1RX
Peterborough,Stanground,PE2 8RZ
Peterborough,Thorney,PE6 0QB
Peterborough,Werrington,PE4 6JT
Peterborough,Woodston,PE2 9AL
Peterborough,Hampton,PE7 8GL
Plymouth,Devonport Library,PL1 4DP
Plymouth,North Prospect Library,PL2 2ND
Plymouth,Plymouth Central Library,PL1 1HZ
Plymouth,Plympton Library,PL7 2AS
Plymouth,St Budeaux Library,PL5 1RQ
Plymouth,Crownhill Library,PL6 5AN
Plymouth,Efford Library,PL3 6JQ
Plymouth,Estover Library,PL6 8UN
Plymouth,Peverell Library,PL3 4QF
Plymouth,Plymstock Library,PL9 9BU
Plymouth,Southway Library,PL6 6QR
Portsmouth,Portsmouth Central Library,PO1 2DX
Portsmouth,Portsea Library,PO1 3HN
Portsmouth,Carnegie Library,PO1 5EZ
Portsmouth,North End Library,PO2 9AX
Portsmouth,Alderman Lacey Library,PO3 6HU
Portsmouth,Beddow Library,PO4 8PR
Portsmouth,Southsea Library,PO5 3QQ
Portsmouth,Cosham Library,PO6 3EB
Portsmouth,Paulsgrove Library,PO6 4JB
Reading,Reading Central,RG1 3BQ
Reading,Palmer Park,RG1 3QB
Reading,Whitley,RG2 7QA
Reading,Battle,RG30 1EE
Reading,Southcote,RG30 3QP
Reading,Tilehurst,RG31 5AS
Reading,Caversham,RG4 8AU
Redbridge,Wanstead Library,E11 2RQ
Redbridge,Aldersbrook Library,E12 5HQ
Redbridge,South Woodford Library & Gym,E18 2QS
Redbridge,Redbridge Central Library,IG1 1EA
Redbridge,Gants Hill Library,IG2 6LA
Redbridge,Goodmayes Library,IG3 9QB
Redbridge,Fullwell Cross Library,IG6 2EA
Redbridge,Hainault Library,IG7 4DD
Redbridge,Woodford Green Library,IG8 0DX
Redbridge,Keith Axon Library,RM6 4XB
Redbridge,Seven Kings Library,IG3 8RQ
Redcar and Cleveland,Brotton Library,TS12 2SJ
Redcar and Cleveland,Dormanstown Library,TS10 5HQ
Redcar and Cleveland,Grangetown Library,TS6 7LP
Redcar and Cleveland,Guisborough Library,TS14 6AP
Redcar and Cleveland,Laburnum Road Library,TS10 3QR
Redcar and Cleveland,Loftus Library,TS13 4HJ
Redcar and Cleveland,Marske Library,TS11 7BL
Redcar and Cleveland,Ormesby Library,TS7 9BL
Redcar and Cleveland,Redcar Library,TS10 1RT
Redcar and Cleveland,Roseberry Library,TS10 4EW
Redcar and Cleveland,Saltburn Library,TS12 1AT
Redcar and Cleveland,Skelton Library,TS12 2HN
Redcar and Cleveland,South Bank Library,TS6 6TD
Richmond Upon Thames,Hampton Wick,KT1 4AT
Richmond Upon Thames,Castelnau,SW13 9RT
Richmond Upon Thames,East Sheen,SW14 8LP
Richmond Upon Thames,Twickenham,TW1 3JS
Richmond Upon Thames,Ham,TW10 7HR
Richmond Upon Thames,Teddington,TW11 8NY
Richmond Upon Thames,Hampton Hill,TW12 1NY
Richmond Upon Thames,Hampton,TW12 2AB
Richmond Upon Thames,Whitton,TW2 7BB
Richmond Upon Thames,Richmond Lending Library,TW9 1QL
Richmond Upon Thames,Richmond Information & Reference Library,TW9 1TP
Richmond Upon Thames,Kew,TW9 4HJ
Rochdale,Langley library,M24 4LA
Rochdale,Norden Library,OL12 7RQ
Rochdale,Alkrington Library,M24 1LW
Rochdale,Balderstone Library,OL11 2HD
Rochdale,Castleton Library,OL11 3AF
Rochdale,Darnhill Library,OL10 3RY
Rochdale,Heywood Library,OL10 1LL
Rochdale,Junction Community Library,M24 2BW
Rochdale,Littleborough Library,OL15 9HE
Rochdale,Middleton Library,M24 6DU
Rochdale,Milnrow Library,OL16 3PS
Rochdale,Rochdale Central Library,OL16 1XU
Rochdale,Smallbridge Library,OL12 9SA
Rochdale,Smithybridge Library,OL12 9SA
Rochdale,Spotland Library,OL12 7AL
Rochdale,Wardle Library,OL12 9LH
Rotherham,Aston Library & Customer Service Centre,S26 4WD
Rotherham,Brinsworth Library,S60 5DG
Rotherham,Dinnington Library & Customer Service Centre,S25 2PP
Rotherham,Greasbrough Library,S61 4PU
Rotherham,Kimberworth Library,S61 1HA
Rotherham,Kiveton Park Library,S26 6RB
Rotherham,Maltby Library & Customer Service Centre,S66 8JE
Rotherham,Mowbray Gardens Library,S65 2UH
Rotherham,Rawmarsh Library & Customer Service Centre,S62 6AA
Rotherham,Riverside House Library & Customer Service Centre,S60 1AE
Rotherham,Swinton Library & Customer Service Centre,S64 8PZ
Rotherham,Thorpe Hesley Library,S61 2QJ
Rotherham,Thurcroft Library,S66 9DE
Rotherham,Wath Library,S63 7RZ
Rotherham,Wickersley Library,S66 1JJ
Rutland,Oakham,LE15 6HW
Rutland,Uppingham,LE15 9QR
Rutland,Ketton,PE9 3TE
Rutland,Ryhall,PE9 4HY
Salford,Swinton Gateway Library,M27 6BP
Salford,Clifton Library,M27 8FU
Salford,Little Hulton Library,M28 0AZ
Salford,Boothstown Library,M28 1NB
Salford,Worsley Village,M28 2PB
Salford,Walkden Gateway Library,M28 3EZ
Salford,Eccles Gateway Library,M30 0TU
Salford,Winton Library,M30 8BY
Salford,Cadishead Library,M44 5AN
Salford,Irlam Library,M44 6FD
Salford,Ordsall Library,M5 3LT
Salford,Pendleton Gateway Library,M6 5FX
Salford,Height Library,M6 7GY
Salford,Hope Library,M6 8FH
Salford,Lower Kersal Library,M7 3NQ
Salford,Broughton Hub Library,M7 4BQ
Sandwell,Blackheath Library,B65 0EA
Sandwell,Bleakhouse Library,B68 9DS
Sandwell,Brandhall Library,B68 0JT
Sandwell,Central Library (West Bromwich),B70 8DZ
Sandwell,Cradley Heath Library,B64 5JU
Sandwell,Glebefields Library,DY4 0SZ
Sandwell,Great Barr Library,B43 6NW
Sandwell,Great Bridge Library,DY4 7JF
Sandwell,Hamstead Library,B43 5EL
Sandwell,Hill Top Library,B70 0RZ
Sandwell,Langley Library,B68 8QT
Sandwell,Oakham Library,B69 1RD
Sandwell,Oldbury Library,B69 3DB
Sandwell,Rounds Green Library,B69 1DZ
Sandwell,Smethwick Library,B66 1AA
Sandwell,Stone Cross Library,B71 2LH
Sandwell,Thimblemill Library,B67 5RJ
Sandwell,Tipton Library,DY4 8QL
Sandwell,Wednesbury Library,WS10 9EH
Sefton,Bootle,L20 3EN
Sefton,Crosby,L22 0LQ
Sefton,Meadows (Maghull),L31 7BB
Sefton,Formby,L37 4AN
Sefton,Southport,PR8 1DJ
Sefton,Netherton,L30 3TL
Sheffield,Chapeltown,S35 1AE
Sheffield,Crystal Peaks,S20 7PH
Sheffield,Darnall,S9 5JG
Sheffield,Ecclesall,S11 9PL
Sheffield,Firth Park,S5 6QQ
Sheffield,Hillsborough,S6 4HD
Sheffield,Manor,S12 2SS
Sheffield,Parson Cross,S5 8NL
Sheffield,Sheffield Central: Lending,S1 1XZ
Sheffield,Stocksbridge,S36 1DH
Sheffield,Woodseats,S8 0SH
Shropshire,Craven Arms,SY7 9PS
Shropshire,Albrighton,WV7 3QH
Shropshire,Bayston Hill,SY3 0NA
Shropshire,Bishop's Castle,SY5 9AQ
Shropshire,Bridgnorth,WV16 4AW
Shropshire,Broseley,TF12 5EL
Shropshire,Church Stretton,SY6 6DQ
Shropshire,Cleobury Mortimer,DY14 8PE
Shropshire,Ellesmere,SY12 0AE
Shropshire,Gobowen,SY11 3NP
Shropshire,Highley,WV16 6JG
Shropshire,Library at the Lantern,SY1 4NG
Shropshire,Ludlow,SY8 2PG
Shropshire,Market Drayton,TF9 1PH
Shropshire,Much Wenlock,TF13 6AE
Shropshire,Oswestry,SY11 1JN
Shropshire,Pontesbury,SY5 0RF
Shropshire,Shifnal,TF11 8AZ
Shropshire,Shrewsbury,SY1 2AS
Shropshire,Wem,SY4 5AA
Shropshire,Whitchurch,SY13 1AX
Slough,Library @ The Curve,SL1 1XY
Slough,Britwell Hub and library,SL2 2DS
Slough,Cippenham Library,SL1 5RB
Slough,Langley Library,SL3 7UF
Solihull,Balsall Common,CV7 7EL
Solihull,Castle Bromwich,B36 0EY
Solihull,Chelmsley Wood,B37 5TN
Solihull,Dickens Heath,B90 1SD
Solihull,Hampton-in-Arden,B92 0AY
Solihull,Hobs Moat,B92 8EB
Solihull,Kingshurst,B37 6BD
Solihull,Knowle,B93 0LL
Solihull,Marston Green,B37 7DQ
Solihull,Meriden,CV7 7LN
Solihull,Olton,B92 7AR
Solihull,Shirley,B90 3GG
Solihull,The Core Library,B91 3RG
Somerset,Bruton,BA10 0HA
Somerset,Frome,BA11 1BE
Somerset,Street,BA16 0HA
Somerset,Yeovil,BA20 1PY
Somerset,Shepton Mallet,BA4 5AZ
Somerset,Wells,BA5 2PU
Somerset,Glastonbury,BA6 9JB
Somerset,Castle Cary,BA7 7AA
Somerset,Wincanton,BA9 9JS
Somerset,Cheddar,BS27 3NB
Somerset,Milborne Port,DT9 5DF
Somerset,Taunton,TA1 3XZ
Somerset,Langport,TA10 9RA
Somerset,Somerton,TA11 7PR
Somerset,Martock,TA12 6DL
Somerset,South Petherton,TA13 5BS
Somerset,Crewkerne,TA18 7JS
Somerset,Ilminster,TA19 0BW
Somerset,Priorswood,TA2 7HD
Somerset,Chard,TA20 2YA
Somerset,Wellington,TA21 8AQ
Somerset,Dulverton,TA22 9EX
Somerset,Watchet,TA23 0AJ
Somerset,Minehead,TA24 5DJ
Somerset,Porlock,TA24 7HD
Somerset,Wiveliscombe,TA4 2JT
Somerset,Bishops Lydeard,TA4 3AT
Somerset,Williton,TA4 4QA
Somerset,Nether Stowey,TA5 1LN
Somerset,Bridgwater,TA6 3LF
Somerset,North Petherton,TA6 6TN
Somerset,Burnham-on-Sea,TA8 1EH
South Gloucestershire,Hanham,BS15 3EJ
South Gloucestershire,Kingswood,BS15 9TR
South Gloucestershire,Staple Hill,BS16 5LS
South Gloucestershire,Downend,BS16 5TW
South Gloucestershire,Emersons Green,BS16 7AP
South Gloucestershire,Cadbury Heath,BS30 8EN
South Gloucestershire,Bradley Stoke,BS32 9BS
South Gloucestershire,Patchway,BS34 5PE
South Gloucestershire,Filton,BS34 7BR
South Gloucestershire,Thornbury,BS35 2AA
South Gloucestershire,Winterbourne,BS36 1LA
South Gloucestershire,Yate,BS37 4AX
South Gloucestershire,Chipping Sodbury,BS37 6AH
South Gloucestershire,Scholars Chase Library,BS16 1YG
South Gloucestershire,Stoke Gifford Community Library,BS34 8PD
South Gloucestershire,Severn Beach Community Library,BS35 4PP
South Gloucestershire,Hawkesbury Community Library,GL9 1AU
South Gloucestershire,Marshfield Community Library,SN14 8PG
South Tyneside,Cleadon Park,NE34 7QD
South Tyneside,Jarrow Focus Library,NE32 3QN
South Tyneside,Library at Hebburn Central,NE31 1PN
South Tyneside,The Word Library,NE33 1DX
Southampton,Southampton Central Library,SO14 7LW
Southampton,Shirley,SO15 5LL
Southampton,Lordshill,SO16 8HY
Southampton,Portswood,SO17 2NG
Southampton,Bitterne,SO18 5EG
Southampton,Woolston,SO19 9EF
Southend,Westcliff,SS0 9PD
Southend,Southend Forum,SS1 1NS
Southend,Southchurch,SS1 2XG
Southend,Kent Elms,SS9 5UU
Southend,Shoeburyness,SS3 9NS
Southend,Leigh Library,SS9 2DA
Southwark,Blue Anchor Library,SE16 3UQ
Southwark,Brandon Library,SE17 3NH
Southwark,Camberwell Library,SE5 7AL
Southwark,Dulwich Library,SE22 8NB
Southwark,East Street Library,SE1 5TY
Southwark,Grove Vale Library,SE22 8EF
Southwark,John Harvard Library,SE1 1JA
Southwark,Kingswood Order and Collect Library,SE21 8QR
Southwark,Nunhead Library,SE15 3RW
Southwark,Peckham Library,SE15 5JR
Southwark,Canada Water Library,SE16 7AR
Southwark,Southwark Heritage Centre and Walworth Library ,SE17 1RW
St. Helens,Rainhill Library,L35 0LE
St. Helens,Peter Street Library,WA10 2EQ
St. Helens,Thatto Heath Library,WA10 3QX
St. Helens,Eccleston Library,WA10 5PJ
St. Helens,Haydock Library,WA11 0LY
St. Helens,Moss Bank Library,WA11 7EQ
St. Helens,Rainford Library,WA11 8HA
St. Helens,Newton-le-Willows Library,WA12 9TU
St. Helens,Parr Library,WA9 1SY
St. Helens,Chester Lane Library,WA9 4DE
St. Helens,Garswood Library,WN4 0TT
St. Helens,St Helens Library,WA10 1BX
Staffordshire,Audley Library,ST7 8DB
Staffordshire,Barton Under Needwood Library,DE13 8AX
Staffordshire,Baswich Library,ST17 0EA
Staffordshire,Biddulph Library,ST8 6HH
Staffordshire,Blythe Bridge Library,ST11 9JR
Staffordshire,Brereton Library,WS15 1AU
Staffordshire,Brewood Library,ST19 9DT
Staffordshire,Burntwood Library,WS7 2BX
Staffordshire,Burton Library,DE14 1AH
Staffordshire,Cannock Library,WS11 1AA
Staffordshire,Cheadle Library,ST10 1AA
Staffordshire,Cheslyn Hay Library,WS6 7HP
Staffordshire,Clayton Library,ST5 3NR
Staffordshire,Codsall Library,WV8 1PX
Staffordshire,Eccleshall Library,ST21 6BZ
Staffordshire,Glascote Library,B77 2ED
Staffordshire,Gnosall Library,ST20 0EX
Staffordshire,Great Wyrley Library,WS6 6DY
Staffordshire,Heath Hayes Library,WS12 3EA
Staffordshire,Hednesford Library,WS12 1AD
Staffordshire,Holmcroft Library,ST16 1JG
Staffordshire,Kidsgrove Library,ST7 1BS
Staffordshire,Kinver Library,DY7 6HJ
Staffordshire,Knutton Library,ST5 6EB
Staffordshire,Leek Library,ST13 6DW
Staffordshire,Lichfield Library,WS13 6LG
Staffordshire,Loggerheads Library,TF9 4NX
Staffordshire,Newcastle-under -Lyme Library,ST5 1BL
Staffordshire,Norton Canes Library,WS11 9RF
Staffordshire,Penkridge Library,ST19 5DL
Staffordshire,Perton Library,WV6 7QU
Staffordshire,Rising Brook Library,ST17 9LX
Staffordshire,Rugeley Library,WS15 2BB
Staffordshire,Shenstone Library,WS14 0NF
Staffordshire,Silverdale Library,ST5 6LY
Staffordshire,Stafford Library,ST16 2DH
Staffordshire,Stone Library,ST15 8AT
Staffordshire,Talke Library,ST7 1RA
Staffordshire,Tamworth Library,B79 7JN
Staffordshire,Uttoxeter Library,ST14 7JQ
Staffordshire,Werrington Library,ST9 0JS
Staffordshire,Wilnecote Library,B77 5LF
Staffordshire,Wombourne Library,WV5 9EZ
Stockport,Adswood & Bridgehall,SK3 8NR
Stockport,Offerton,SK2 5NX
Stockport,Bramhall,SK7 2DU
Stockport,Bredbury,SK6 1DJ
Stockport,Brinnington,SK5 8EN
Stockport,Cheadle,SK8 1BB
Stockport,Cheadle Hulme,SK8 5AU
Stockport,Edgeley,SK3 9NB
Stockport,Great Moor,SK2 7QF
Stockport,Hazel Grove,SK7 4QP
Stockport,Heald Green,SK8 3JB
Stockport,Heatons,SK4 3LD
Stockport,High Lane,SK6 8DX
Stockport,Marple,SK6 6BA
Stockport,Reddish,SK5 6UG
Stockport,Stockport Central,SK1 3RS
Stockton-on-Tees,Yarm Library,TS15 9BH
Stockton-on-Tees,Ingleby Barwick Library,TS17 5BL
Stockton-on-Tees,"Thornaby Library, Gilmour Street (Riverbank Children's Centre)",TS17 6PF
Stockton-on-Tees,Thornaby Central Library & Customer Service Centre,TS17 9EU
Stockton-on-Tees,Stockton Central Library & Customer Service Centre,TS18 1TU
Stockton-on-Tees,Fairfield Library,TS19 7AJ
Stockton-on-Tees,Roseworth Library (Redhill Children's Centre),TS19 9BX
Stockton-on-Tees,Norton Library,TS20 1AE
Stockton-on-Tees,Billingham Library & Customer Service Centre,TS23 2LN
Stoke-on-Trent,Stoke Library,ST4 4SZ
Stoke-on-Trent,Bentilee Library,ST2 0EU
Stoke-on-Trent,City Central Library (Hanley),ST1 3RS
Stoke-on-Trent,Longton Library,ST3 4HY
Stoke-on-Trent,Meir Library,ST3 7DY
Stoke-on-Trent,Tunstall Library,ST6 6BD
Suffolk,Aldeburgh,IP15 5EG
Suffolk,Beccles,NR34 9TB
Suffolk,Brandon,IP27 0BQ
Suffolk,Broomhill,IP1 4HT
Suffolk,Bungay,NR35 1EL
Suffolk,Bury St. Edmunds,IP33 1TZ
Suffolk,Capel St Mary,IP9 2EP
Suffolk,Chantry,IP2 0QY
Suffolk,Clare,CO10 8NY
Suffolk,Debenham Library,IP14 6PL
Suffolk,Elmswell,IP30 9BX
Suffolk,Eye,IP23 7AB
Suffolk,Felixstowe,IP11 7BY
Suffolk,Framlingham,IP13 9BA
Suffolk,Gainsborough,IP3 0RL
Suffolk,Glemsford,CO10 7QA
Suffolk,Great Cornard,CO10 0JU
Suffolk,Hadleigh,IP7 5AG
Suffolk,Halesworth,IP19 8AD
Suffolk,Haverhill,CB9 8HB
Suffolk,Ipswich,IP1 3DE
Suffolk,Ixworth,IP31 2HH
Suffolk,Kedington,CB9 7QQ
Suffolk,Kesgrave,IP5 2HL
Suffolk,Kessingland,NR33 7AH
Suffolk,Lakenheath,IP27 9DS
Suffolk,Lavenham,CO10 9QT
Suffolk,Leiston,IP16 4ER
Suffolk,Long Melford,CO10 9EH
Suffolk,Lowestoft,NR32 1DR
Suffolk,Mildenhall,IP28 7JX
Suffolk,Needham Market,IP6 8BB
Suffolk,Newmarket,CB8 8EQ
Suffolk,Oulton Broad,NR32 3LR
Suffolk,Rosehill,IP3 8DB
Suffolk,Saxmundham,IP17 1AL
Suffolk,Southwold,IP18 6LD
Suffolk,Stoke,IP2 8PL
Suffolk,Stowmarket,IP14 1EX
Suffolk,Stradbroke,IP21 5HG
Suffolk,Sudbury,CO10 2EN
Suffolk,Thurston,IP31 3PB
Suffolk,Wickham Market,IP13 0SD
Suffolk,Woodbridge,IP12 1DT
Suffolk,Moreton Hall ,IP32 7EE
Sunderland,City,SR1 1PP
Sunderland,Houghton,DH4 4AF
Sunderland,Washington Town Centre,NE38 7RZ
Surrey,Caterham Hill,CR3 5TP
Surrey,Caterham Valley,CR3 6JG
Surrey,Warlingham,CR6 9NF
Surrey,Guildford,GU1 4AL
Surrey,Ash,GU12 6LF
Surrey,Camberley,GU15 3SY
Surrey,Frimley Green,GU16 6LQ
Surrey,Lightwater,GU18 5SB
Surrey,Bagshot,GU19 5AH
Surrey,Knaphill,GU21 2PD
Surrey,Woking,GU21 6EP
Surrey,Virginia Water,GU25 4AD
Surrey,Haslemere,GU27 1HP
Surrey,Bramley,GU5 0HG
Surrey,Cranleigh,GU6 8AE
Surrey,Godalming,GU7 1HT
Surrey,Farnham,GU9 7DR
Surrey,Esher,KT10 9NS
Surrey,Cobham,KT11 2AA
Surrey,Walton,KT12 1GH
Surrey,Hersham,KT12 4RF
Surrey,Weybridge,KT13 8DE
Surrey,West Byfleet,KT14 6NY
Surrey,Byfleet,KT14 7QN
Surrey,Addlestone,KT15 2AF
Surrey,New Haw,KT15 3HA
Surrey,Chertsey,KT16 9BE
Surrey,Ewell,KT17 1UF
Surrey,Stoneleigh,KT17 2JA
Surrey,Tattenhams,KT18 5NU
Surrey,Ewell Court,KT19 0EB
Surrey,Epsom,KT19 8AG
Surrey,Ashtead,KT21 2BQ
Surrey,Leatherhead,KT22 8DP
Surrey,Bookham,KT23 4DQ
Surrey,Horsley,KT24 6QR
Surrey,Dittons,KT7 0BS
Surrey,Molesey,KT8 2HZ
Surrey,Redhill,RH1 1NN
Surrey,Merstham,RH1 3HY
Surrey,Reigate,RH2 7RP
Surrey,Dorking,RH4 1UT
Surrey,Horley,RH6 7QH
Surrey,Lingfield,RH7 6HA
Surrey,Oxted,RH8 0BQ
Surrey,Banstead,SM7 2AW
Surrey,Ashford,TW15 2XB
Surrey,Sunbury,TW16 7AB
Surrey,Shepperton,TW17 9AU
Surrey,Staines,TW18 4PG
Surrey,Stanwell,TW19 7HF
Surrey,Egham,TW20 9EA
Sutton,Library @ Westcroft Centre,SM5 2TG
Sutton,Cheam Library,SM3 8QH
Sutton,Library @ The Life Centre,SM3 9PX
Sutton,Library @ the Phoenix Centre,SM6 9NZ
Sutton,Sutton Central Library,SM1 1EA
Sutton,The Circle Library,SM5 1JJ
Sutton,Wallington Library,SM6 0HY
Sutton,Worcester Park Library,KT4 8ES
Swindon,Highworth Library,SN6 7AJ
Swindon,North Swindon Library,SN25 4AN
Swindon,Park Library,SN3 2LP
Swindon,Swindon Central Library,SN1 1QG
Swindon,West Swindon Library,SN5 7DL
Tameside,Ashton Library,OL6 6BH
Tameside,Denton,M34 2AP
Tameside,Droylsden,M43 6EP
Tameside,Dukinfield,SK16 4DB
Tameside,Hattersley,SK14 6NT
Tameside,Hyde,SK14 1AL
Tameside,Mossley,OL5 0HR
Tameside,Stalybridge,SK15 2BN
Telford and Wrekin,Dawley & Malinslee Community Library,TF4 2ES
Telford and Wrekin,Donnington & Muxton Community Library,TF2 8HG
Telford and Wrekin,Hadley Community Library,TF1 5NU
Telford and Wrekin,Madeley Library,TF7 5BB
Telford and Wrekin,Newport Library,TF10 7AT
Telford and Wrekin,Oakengates Library,TF2 6EP
Telford and Wrekin,Southwater Library,TF3 4JG
Telford and Wrekin,Stirchley Community Library,TF3 1FA
Telford and Wrekin,Wellington Library,TF1 1LX
Thurrock,Aveley Library within Aveley Community Hub,RM15 4BY
Thurrock,Belhus Library within South Ockendon Centre,RM15 5DX
Thurrock,Blackshots Library,RM16 2JU
Thurrock,Chadwell Information Centre,RM16 4JP
Thurrock,Grays Central Library ,RM17 5DX
Thurrock,Tilbury Library within Tilbury Hub,RM18 8AD
Thurrock,East Tilbury Hub and Library,RM18 8ST
Thurrock,Stanford-le-Hope Library,SS17 0HG
Thurrock,Corringham Library,SS17 7LJ
Torbay,Brixham,TQ5 8EU
Torbay,Churston,TQ4 6LL
Torbay,Paignton,TQ4 5AG
Torbay,Torquay,TQ1 3DT
Tower Hamlets,Idea Store Watney Market,E1 2FB
Tower Hamlets,Bethnal Green library,E2 0HL
Tower Hamlets,Cubitt Town library,E14 3HG
Tower Hamlets,Idea Store Bow,E3 5ES
Tower Hamlets,Idea Store Canary Wharf,E14 5RB
Tower Hamlets,Idea Store Chrisp Street,E14 6BT
Tower Hamlets,Idea Store Whitechapel,E1 1BU
Trafford,Old Trafford,M16 9NW
Trafford,Partington,M31 4FY
Trafford,Stretford,M32 8AP
Trafford,Coppice,M33 4ND
Trafford,Sale,M33 7ZF
Trafford,Urmston,M41 0NA
Trafford,Woodsend,M41 8GN
Trafford,Altrincham,WA14 1AH
Trafford,Timperley,WA15 7XR
Trafford,Hale,WA15 9SD
Trafford,Trafford Town Hall,M32 0TH
Wakefield,Castleford,WF10 1BB
Wakefield,Wakefield One,WF1 2DA
Wakefield,Airedale,WF10 3JJ
Wakefield,Featherstone,WF7 5BB
Wakefield,Hemsworth,WF9 4JY
Wakefield,Horbury,WF4 6HP
Wakefield,Normanton,WF6 2AR
Wakefield,Ossett,WF5 8BE
Wakefield,Pontefract,WF8 1BD
Wakefield,Sandal,WF1 5LJ
Wakefield,South Elmsall,WF9 2AA
Wakefield,Stanley,WF3 4HU
Walsall,Aldridge Community Library,WS9 8NP
Walsall,Bloxwich Community Library,WS3 2HR
Walsall,Brownhills Community Library,WS8 7JB
Walsall,Darlaston Community Library,WS10 8DE
Walsall,Lichfield Street Hub,WS1 1TR
Walsall,Streetly Community Library,B74 3PL
Walsall,Willenhall Community Library,WV13 2EX
Waltham Forest,Hale End Library,E4 9QD
Waltham Forest,Higham Hill Library,E17 5HS
Waltham Forest,Lea Bridge Library,E10 7HU
Waltham Forest,Leyton Library,E10 5QH
Waltham Forest,Leytonstone Library,E11 1HG
Waltham Forest,Chingford Library,E4 7EN
Waltham Forest,Walthamstow Library,E17 7JN
Waltham Forest,Wood Street Library,E17 3HB
Wandsworth,Balham Library,SW12 8QY
Wandsworth,Battersea Library,SW11 1JB
Wandsworth,Battersea Park Library,SW11 4NF
Wandsworth,Earlsfield Library,SW18 3NY
Wandsworth,Northcote Library,SW11 6HW
Wandsworth,Putney Library,SW15 2DR
Wandsworth,Roehampton Library,SW15 4HD
Wandsworth,Southfields Library,SW19 6NL
Wandsworth,Tooting Library,SW17 9PD
Wandsworth,Wandsworth Town Library,SW18 4AQ
Wandsworth,York Gardens Library,SW11 2UG
Warrington,Great Sankey Library,WA5 3AA
Warrington,Orford Park Library,WA2 8HE
Warrington,Bewsey & Dallam Library ,WA5 0DY
Warrington,Birchwood Library,WA3 7PT
Warrington,Burtonwood Library,WA5 4PS
Warrington,Culcheth Library,WA3 5SL
Warrington,Lymm Library,WA13 0QW
Warrington,Padgate Library,WA2 0HD
Warrington,Penketh Library,WA5 2EY
Warrington,Stockton Heath Library,WA4 2AN
Warrington,Warrington Library,WA1 1JB
Warrington,Westbrook Library,WA5 8UG
Warrington,Woolston Library,WA1 4PN
Warwickshire,Leamington Spa Library & Information Centre,CV32 4AA
Warwickshire,Lillington Library and Information Centre,CV32 7SJ
Warwickshire,Nuneaton Library and Information Centre,CV11 4DR
Warwickshire,Polesworth Library and Information Centre,B78 1DT
Warwickshire,Rugby Library and Information Centre,CV21 3BZ
Warwickshire,Shipston-on-Stour Library and Information Centre,CV36 4AP
Warwickshire,Southam Library and Information Centre,CV47 0HB
Warwickshire,"Stockingford Nursery School, Children & Family Centre & Library",CV10 8HW
Warwickshire,Stratford-upon-Avon Library and Information Centre,CV37 6PZ
Warwickshire,Warwick Library and Information Centre,CV34 4RL
Warwickshire,Wellesbourne Library and Information Centre,CV35 9NF
Warwickshire,Whitnash Civic Centre & Library,CV31 2ND
Warwickshire,Wolston Library and Information Centre,CV8 3GX
Warwickshire,Alcester Library and Information Centre,B49 5DZ
Warwickshire,Atherstone Library and Information Centre,CV9 1AX
Warwickshire,Bedworth Library and Information Centre,CV12 8NF
Warwickshire,Coleshill Library and Information Centre,B46 3LD
Warwickshire,Kenilworth Library,CV8 1QG
West Berkshire,Burghfield Common,RG7 3JZ
West Berkshire,Hungerford,RG17 0JG
West Berkshire,Lambourn,RG17 8XL
West Berkshire,Mortimer,RG7 3SH
West Berkshire,Newbury,RG14 5AU
West Berkshire,Pangbourne,RG8 7LY
West Berkshire,Thatcham,RG18 3AG
West Berkshire,Theale,RG7 5BZ
West Northamptonshire,Brackley,NN13 6AJ
West Northamptonshire,Brixworth,NN6 9DS
West Northamptonshire,Deanshanger,MK19 6HT
West Northamptonshire,Duston,NN5 6DT
West Northamptonshire,Hunsbury,NN4 0RZ
West Northamptonshire,Middleton Cheney,OX17 2PD
West Northamptonshire,Northampton Central,NN1 2BA
West Northamptonshire,Weston Favell,NN3 8JZ
West Northamptonshire,Daventry,NN11 4XG
West Northamptonshire,Towcester,NN12 6EX
West Sussex,Worthing Library,BN11 1HD
West Sussex,Goring Library,BN12 4NR
West Sussex,Ferring Library,BN12 5HL
West Sussex,Durrington Library,BN13 2JD
West Sussex,Findon Valley Library,BN14 0DH
West Sussex,Broadwater Library,BN14 8JL
West Sussex,Lancing Library,BN15 9DL
West Sussex,East Preston Library,BN16 1JJ
West Sussex,Rustington Library,BN16 2NL
West Sussex,Angmering Library,BN16 4JS
West Sussex,Littlehampton Library,BN17 5NA
West Sussex,Arundel Library,BN18 9DT
West Sussex,Southwick Library,BN42 4FT
West Sussex,Shoreham-by-Sea Library,BN43 5ZA
West Sussex,Steyning Library,BN44 3YB
West Sussex,Henfield Library,BN5 9HN
West Sussex,Hassocks Library,BN6 8FJ
West Sussex,Hurstpierpoint Library,BN6 9UY
West Sussex,Petworth Library,GU28 0AU
West Sussex,Midhurst Library,GU29 9HD
West Sussex,Southbourne Library,PO10 8HN
West Sussex,Chichester Library,PO19 1QJ
West Sussex,Witterings Library,PO20 8BT
West Sussex,Selsey Library,PO20 9EH
West Sussex,Bognor Regis Library,PO21 1DE
West Sussex,Willowhale Library,PO21 4JF
West Sussex,Crawley Library,RH10 6HG
West Sussex,Broadfield Library,RH11 9BA
West Sussex,Horsham Library,RH12 1PJ
West Sussex,Southwater Library,RH13 9LA
West Sussex,Billingshurst Library,RH14 9JZ
West Sussex,Burgess Hill Library,RH15 9NN
West Sussex,Haywards Heath Library,RH16 1BN
West Sussex,East Grinstead Library,RH19 4SR
West Sussex,Pulborough Library,RH20 2BP
West Sussex,Storrington Library,RH20 4PA
Westminster,Charing Cross Library,WC2H 0HF
Westminster,Church Street Library,NW8 8EU
Westminster,Little Venice Sports Centre Library Satellite library,W2 1ND
Westminster,Maida Vale Library,W9 2QT
Westminster,Marylebone Library,W1G 6DW
Westminster,Mayfair Library,W1K 2PB
Westminster,Paddington Library,W2 5DU
Westminster,Pimlico Library,SW1V 3EY
Westminster,Queen's Park Library,W10 4NE
Westminster,St. John's Wood Library,NW8 6PD
Westminster,Victoria Library,SW1W 9UD
Wigan,Atherton,M46 9JH
Wigan,Golborne,WA3 3AW
Wigan,Wigan,WN1 1NH
Wigan,Aspull,WN2 1XJ
Wigan,Hindley,WN2 3EB
Wigan,Platt Bridge,WN2 5NG
Wigan,Grange Community Library,WN3 6GH
Wigan,Ashton,WN4 9BH
Wigan,Lamberhead Green,WN5 0DQ
Wigan,Marsh Green,WN5 0QL
Wigan,Standish,WN6 0HQ
Wigan,Shevington,WN6 8HA
Wigan,Leigh,WN7 1EB
Wigan,Ince,WN2 2DJ
Wiltshire,Aldbourne Library,SN8 2DW
Wiltshire,Amesbury Library,SP4 7AL
Wiltshire,Box Library,SN13 8NT
Wiltshire,Bradford on Avon Library,BA15 1BY
Wiltshire,Calne Community Hub & Library,SN11 0JU
Wiltshire,Chippenham Library,SN15 3EJ
Wiltshire,Corsham Library,SN13 9DN
Wiltshire,Cricklade Library,SN6 6AE
Wiltshire,Devizes Community Hub & Library,SN10 1DL
Wiltshire,Downton Library,SP5 3PD
Wiltshire,Durrington Library,SP4 8EU
Wiltshire,Ludgershall Library,SP11 9LZ
Wiltshire,Lyneham Library,SN15 4PR
Wiltshire,Malmesbury Library,SN16 9BG
Wiltshire,Market Lavington Library,SN10 4DT
Wiltshire,Marlborough Library,SN8 1HD
Wiltshire,Melksham Library,SN12 6ES
Wiltshire,Mere Library,BA12 6JA
Wiltshire,Netheravon Library,SP4 9PJ
Wiltshire,Pewsey Library,SN9 5EQ
Wiltshire,Purton Library,SN5 4AA
Wiltshire,Ramsbury Library,SN8 2QP
Wiltshire,Royal Wootton Bassett Library,SN4 7AX
Wiltshire,Salisbury Library,SP1 1BL
Wiltshire,Tidworth Library,SP9 7QN
Wiltshire,Tisbury Library,SP3 6HJ
Wiltshire,Trowbridge Library,BA14 8JN
Wiltshire,Warminster,BA12 9BT
Wiltshire,Westbury,BA13 3BD
Wiltshire,Wilton,SP2 0JS
Windsor and Maidenhead,Ascot Durning,SL5 7JF
Windsor and Maidenhead,Cookham,SL6 9JF
Windsor and Maidenhead,Cox Green,SL6 3AX
Windsor and Maidenhead,Datchet,SL3 9ER
Windsor and Maidenhead,Dedworth,SL4 5PE
Windsor and Maidenhead,Eton Wick,SL4 6LT
Windsor and Maidenhead,Maidenhead,SL6 1QU
Windsor and Maidenhead,Old Windsor,SL4 2RN
Windsor and Maidenhead,Sunningdale Pop Up Library,SL5 0QS
Windsor and Maidenhead,Sunninghill,SL5 7AA
Windsor and Maidenhead,Windsor,SL4 1ER
Windsor and Maidenhead,Boyn Grove ,SL6 6JE
Windsor and Maidenhead,Horton Pop Up Library,SL3 9PA
Wirral,Bebington Central,CH63 7PN
Wirral,Beechwood,CH43 7ZU
Wirral,Birkenhead Central,CH41 2XB
Wirral,Eastham,CH62 9AN
Wirral,Greasby,CH49 3AT
Wirral,Heswall,CH60 0AF
Wirral,Leasowe,CH46 1PQ
Wirral,Moreton,CH46 8SA
Wirral,Ridgeway,CH43 9EB
Wirral,Rock Ferry,CH42 3TD
Wirral,Seacombe,CH44 7AN
Wirral,St. James,CH41 7AL
Wirral,Upton,CH49 0TB
Wirral,Wallasey Central Library,CH45 5DX
Wirral,West Kirby,CH48 4HX
Wokingham,Finchampstead,RG40 4ES
Wokingham,Lower Earley,RG6 5HZ
Wokingham,Spencers Wood,RG7 1AJ
Wokingham,Twyford,RG10 9RP
Wokingham,Wargrave,RG10 8EP
Wokingham,Winnersh,RG41 5ND
Wokingham,Wokingham,RG40 2AF
Wokingham,Woodley,RG5 4JA
Wokingham,Arborfield Pop-up,RG2 9ND
Wolverhampton,Ashmore Park Library,WV11 2LH
Wolverhampton,Bilston Library,WV14 7LU
Wolverhampton,Blakenhall Library,WV2 3AS
Wolverhampton,Collingwood Library,WV10 8EA
Wolverhampton,East Park Library,WV1 2EE
Wolverhampton,Finchfield Library,WV3 9AF
Wolverhampton,Long Knowle Library,WV11 1YG
Wolverhampton,Low Hill Library,WV10 9JJ
Wolverhampton,Pendeford Library,WV9 5NJ
Wolverhampton,Penn Library,WV3 7LT
Wolverhampton,Spring Vale Library,WV4 6SG
Wolverhampton,Tettenhall Library,WV6 8QF
Wolverhampton,Warstones Library,WV4 4PT
Wolverhampton,Wednesfield Library,WV11 1XT
Wolverhampton,Whitmore Reans Library,WV6 0QW
Wolverhampton,Wolverhampton Central Library,WV1 3AX
Worcestershire,Alvechurch Library,B48 7TA
Worcestershire,Bewdley Library,DY12 2EQ
Worcestershire,Broadway Library,WR12 7DZ
Worcestershire,Bromsgrove Library,B61 8DA
Worcestershire,Catshill Community Library,B61 0JW
Worcestershire,Droitwich Spa Library,WR9 8DQ
Worcestershire,Evesham Library,WR11 4PJ
Worcestershire,Hagley Library,DY9 0NW
Worcestershire,Kidderminster Library,DY10 1AB
Worcestershire,Malvern Library,WR14 2HU
Worcestershire,Pershore Library,WR10 1DT
Worcestershire,Redditch Library,B98 8AR
Worcestershire,Rubery Library,B45 9JS
Worcestershire,Stourport-on-Severn Library,DY13 8UN
Worcestershire,Tenbury Wells Library,WR15 8AA
Worcestershire,Upton-Upon-Severn Library,WR8 0LE
Worcestershire,Woodrow Library,B98 7RY
Worcestershire,Worcester St. John's Library,WR2 5AX
Worcestershire,Worcester Warndon Library,WR4 9HG
Worcestershire,"Worcester, The Hive",WR1 3PB
Worcestershire,Wythall Library,B47 5PD
York,Acomb Explore Library,YO24 3BZ
York,Bishopthorpe Library,YO23 2RB
York,Clifton Explore Library,YO30 5SJ
York,Copmanthorpe Library,YO23 3SU
York,Dringhouses Library,YO24 1LR
York,Dunnington Library,YO19 5PW
York,Fulford Library,YO10 4LX
York,Haxby Library,YO32 3QW
York,Huntington Library,YO32 9QJ
York,New Earswick Library,YO32 4AQ
York,Poppleton Library,YO26 6JT
York,Strensall Library,YO32 5XS
York,Tang Hall Explore Library,YO31 0HA
York,York Explore Library & Archive,YO1 7DS
York,Explore at the Community Stadium,YO32 9AF